##grflangid 0x01,
STR_GRF_NAME,{TITLE}
STR_GRF_DESCRIPTION,{SILVER}2cc Trains of the World in NML {}{}(c)2ccts Revival {}License GPLv2 or higher. {}See readme for details.
STR_GRF_URL,https://github.com/nemethviktor/2ccts_revival
STR_USED_WITH_DYNAMIC_ENGINES,dynamic_engines = true (setting in openttd.cfg)
STR_ERROR_REGION,"No regions enabled, {STRING} has been disabled"
STR_PARAM_PURCHASE_COST,Purchase cost multiplier
STR_PARAM_PURCHASE_COST_DESC,You can use this setting to increase or decrease the purchase costs of the vehicles in this set.
STR_PARAM_RUNNING_COST,Running cost multiplier
STR_PARAM_RUNNING_COST_DESC,You can use this setting to increase or decrease the running costs of the vehicles in this set.
STR_WORD_NORMAL,default
STR_SUFFIX_STEAMENGINE,Steam
STR_SUFFIX_DIESELENGINE,Diesel
STR_SUFFIX_ELECTRICENGINE,Electric
STR_SUFFIX_MAGLEVENGINE,Maglev
STR_SUFFIX_STEAMRAILBUS,Steam Railbus
STR_SUFFIX_DIESELRAILBUS,Diesel Railbus
STR_SUFFIX_ELECTRICRAILBUS,Electric Railbus
STR_SUFFIX_METRORAILBUS,Single Unit Metro
STR_SUFFIX_MAGLEVRAILBUS,Maglev Railbus
STR_SUFFIX_DMU,DMU
STR_SUFFIX_EMU,EMU
STR_SUFFIX_MMU,MMU
STR_SUFFIX_COACH,Coach
STR_SUFFIX_WAGON,Wagon
STR_SUFFIX_METRO,Metro
STR_SUFFIX_UNPOWERED,Unpowered
STR_SUFFIX_POWERED,Powered
STR_SUFFIX_STEAM,Steam
STR_SUFFIX_DIESEL,Diesel
STR_SUFFIX_ELECTRIC,Electric
STR_SUFFIX_MAGLEV,Maglev
STR_SUFFIX_GAS_TURBINE,Gas Turbine
STR_SUFFIX_1500V,1500V DC
STR_SUFFIX_3KV,3kV DC
STR_SUFFIX_15KV,15kV AC
STR_SUFFIX_25KV,25kV AC
STR_SUFFIX_OHLE,OHLE
STR_SUFFIX_3RD,3rd Rail
STR_SUFFIX_4TH,4th Rail
STR_SUFFIX_DUAL,Dual-Pickup
STR_UNIT_WAGON_PASSENGER,This generic wagon can ONLY be used with passenger MUs to create trains of the desired length
STR_UNIT_WAGON_CARGO,This generic wagon can ONLY be used with cargo MUs to create trains of the desired length
STR_CANNOT_ATTACH_WAGON_TO_MU,Cannot attach wagon to Multiple Unit engine
STR_CANNOT_ATTACH_WAGON_TO_UNIT_WAGON,Cannot attach regular wagon to Unit Wagon
STR_CANNOT_ATTACH_UNIT_WAGON_TO_ENGINE,Cannot attach Unit Wagon to regular engine
STR_CANNOT_ATTACH_UNIT_WAGON_TO_WAGON,Cannot attach Unit Wagon to regular wagon
STR_CANNOT_ATTACH_UNIT_WAGON_CARGO_TO_PASSENGER,Cannot attach cargo Unit Wagon to passenger Multiple Unit engine
STR_CANNOT_ATTACH_UNIT_WAGON_PASSENGER_TO_CARGO,Cannot attach passenger Unit Wagon to cargo Multiple Unit engine
STR_PARAM_CONCEPT,Concept vehicles
STR_PARAM_CONCEPT_DESC,Use concept vehicles
STR_PARAM_REGION_AFRICA,Africa
STR_PARAM_REGION_AFRICA_DESC,Use vehicles from Africa
STR_PARAM_REGION_NORTH_AMERICA,North America
STR_PARAM_REGION_NORTH_AMERICA_DESC,Use vehicles from North America
STR_PARAM_REGION_SOUTH_AMERICA,South America
STR_PARAM_REGION_SOUTH_AMERICA_DESC,Use vehicles from South America
STR_PARAM_REGION_ASIA,Asia
STR_PARAM_REGION_ASIA_DESC,Use vehicles from Asia
STR_PARAM_REGION_NORTHERN_EUROPE,Northern Europe
STR_PARAM_REGION_NORTHERN_EUROPE_DESC,Use vehicles from Northern Europe
STR_PARAM_REGION_EASTERN_EUROPE,Eastern Europe
STR_PARAM_REGION_EASTERN_EUROPE_DESC,Use vehicles from Eastern Europe
STR_PARAM_REGION_SOUTHERN_EUROPE,Southern Europe
STR_PARAM_REGION_SOUTHERN_EUROPE_DESC,Use vehicles from Southern Europe
STR_PARAM_REGION_WESTERN_EUROPE,Western Europe
STR_PARAM_REGION_WESTERN_EUROPE_DESC,Use vehicles from Western Europe
STR_PARAM_REGION_OCEANIA,Oceania
STR_PARAM_REGION_OCEANIA_DESC,Use vehicles from Oceania
STR_PARAM_LOADINGSPEED,Loading speed
STR_PARAM_LOADINGSPEED_DESC,Set the loading speed of this set
STR_PARAM_LOADINGSPEED_SLOW,Slow
STR_PARAM_LOADINGSPEED_NORMAL,Normal (default)
STR_PARAM_LOADINGSPEED_FAST,Fast
STR_PARAM_LOADINGSPEED_ULTRA,As fast as possible
STR_CLASS_FLAG,Country/Region
STR_CLASS_ROLE,Role
STR_CLASS_OPERATOR,Operator
STR_CLASS_PROPULSION,Propulsion
STR_CLASS_LIVERY,Livery
STR_CLASS_REGION,Region
STR_CLASS_ZONE,Zone
STR_ROLE,Role
STR_ROLE_COACH__COMMUTER_,Coach (Commuter)
STR_ROLE_COACH__EXPRESS_,Coach (Express)
STR_ROLE_COACH__HS_,Coach (HS)
STR_ROLE_COACH__MAIL_,Coach (Mail)
STR_ROLE_COACH__REGIONAL_,Coach (Regional)
STR_ROLE_COMMUTER_URBAN,Commuter/Urban
STR_ROLE_EXPRESS_PASSENGER,Express Passenger
STR_ROLE_EXPRESS,Express
STR_ROLE_UNIVERSAL,Universal
STR_ROLE_HEAVY_FREIGHT,Heavy Freight
STR_ROLE_LIGHT_FREIGHT,Light Freight
STR_ROLE_METRO,Metro
STR_ROLE_POWERED_UNPOWERED_SUNDRY,Powered/Unpowered Sundry
STR_ROLE_REGIONAL_PASSENGER,Regional Passenger
STR_ROLE_SHUNTING,Shunting
STR_ROLE_FREIGHT,Freight
STR_ROLE_ULTRA_HIGH_SPEED__PAX_,Ultra-High-Speed (Pax)
STR_ROLE_ULTRA_HIGH_SPEED__UNIVERSAL_,Ultra-High-Speed (Universal)
STR_ROLE_WAGON,Wagon
STR_REGION,Region
STR_REGION_AMERICA,Americas
STR_REGION_AMERICA_NORTHERN,Northern America
STR_REGION_AMERICA_CENTRAL,Central America
STR_REGION_AMERICA_SOUTH,South America
STR_REGION_AMERICA_CARIBBEAN,Caribbean
STR_REGION_EUROPE,Europe
STR_REGION_EUROPE_NORTHERN,Northern Europe
STR_REGION_EUROPE_WESTERN,Western Europe
STR_REGION_EUROPE_SOUTHERN,Southern Europe
STR_REGION_EUROPE_EASTERN,Eastern Europe
STR_REGION_AFRICA,Africa
STR_REGION_AFRICA_NORTHERN,Northern Africa
STR_REGION_AFRICA_WESTERN,Western Africa
STR_REGION_AFRICA_MIDDLE,Middle Africa
STR_REGION_AFRICA_EASTERN,Eastern Africa
STR_REGION_AFRICA_SOUTHERN,Southern Africa
STR_REGION_ASIA,Asia
STR_REGION_ASIA_WESTERN,Western Asia
STR_REGION_ASIA_CENTRAL,Central Asia
STR_REGION_ASIA_EASTERN,Eastern Asia
STR_REGION_ASIA_SOUTHERN,Southern Asia
STR_REGION_ASIA_SOUTHEASTERN,South-eastern Asia
STR_REGION_OCEANIA,Oceania
STR_REGION_OCEANIA_MICRONESIA,Micronesia
STR_REGION_OCEANIA_MELANESIA,Melanesia
STR_REGION_OCEANIA_POLYNESIA,Polynesia
STR_REGION_OCEANIA_AUSTRALIA_AND_NEW_ZEALAND,Australia and New Zealand
STR_ATTRIBUTE,Attribute
STR_ATTRIBUTE_PUSH_PULL,Push-Pull
STR_ZONE_RESIDENTIAL,Residential
STR_ZONE_RESIDENTIAL_LOW_DENSITY,Low density residential
STR_ZONE_RESIDENTIAL_MEDIUM_DENSITY,Medium density residential
STR_ZONE_RESIDENTIAL_HIGH_DENSITY,High density residential
STR_ZONE_COMMERCIAL,Commercial
STR_ZONE_COMMERCIAL_LOW_DENSITY,Low density commercial
STR_ZONE_COMMERCIAL_MEDIUM_DENSITY,Medium density commercial
STR_ZONE_COMMERCIAL_HIGH_DENSITY,High density commercial
STR_ZONE_INDUSTRIAL,Industrial
STR_ZONE_INDUSTRIAL_LOW_DENSITY,Low density industrial
STR_ZONE_INDUSTRIAL_MEDIUM_DENSITY,Medium density industrial
STR_ZONE_INDUSTRIAL_HIGH_DENSITY,High density industrial
STR_ZONE_MIXED,Commercial & residential
STR_ZONE_MIXED_LOW_DENSITY,Low density commercial & residential
STR_ZONE_MIXED_MEDIUM_DENSITY,Medium density commercial & residential
STR_ZONE_MIXED_HIGH_DENSITY,High density commercial & residential
STR_ZONE_AGRICULTURAL,Agricultural
STR_ZONE_FORESTRY,Forestry
STR_ZONE_PUBLIC,Public
STR_ZONE_TRANSPORT,Transport
STR_ZONE_GENERAL,General
STR_ZONE_LEISURE,Leisure
STR_ZONE_OTHER,Other
STR_FLAG,Country
STR_FLAG_AD,Andorra
STR_FLAG_AE,United Arab Emirates
STR_FLAG_AF,Afghanistan
STR_FLAG_AG,Antigua and Barbuda
STR_FLAG_AI,Anguilla
STR_FLAG_AL,Albania
STR_FLAG_AM,Armenia
STR_FLAG_AO,Angola
STR_FLAG_AQ,Antarctica
STR_FLAG_AR,Argentina
STR_FLAG_AS,American Samoa
STR_FLAG_AT,Austria
STR_FLAG_AU,Australia
STR_FLAG_AW,Aruba
STR_FLAG_AX,Åland
STR_FLAG_AZ,Azerbaijan
STR_FLAG_BA,Bosnia and Herzegovina
STR_FLAG_BB,Barbados
STR_FLAG_BD,Bangladesh
STR_FLAG_BE,Belgium
STR_FLAG_BF,Burkina Faso
STR_FLAG_BG,Bulgaria
STR_FLAG_BH,Bahrain
STR_FLAG_BI,Burundi
STR_FLAG_BJ,Benin
STR_FLAG_BL,Saint Barthélemy
STR_FLAG_BM,Bermuda
STR_FLAG_BN,Brunei
STR_FLAG_BO,Bolivia
STR_FLAG_BQ,Caribbean Netherlands
STR_FLAG_BR,Brazil
STR_FLAG_BS,Bahamas
STR_FLAG_BT,Bhutan
STR_FLAG_BV,Bouvet Island
STR_FLAG_BW,Botswana
STR_FLAG_BY,Belarus
STR_FLAG_BZ,Belize
STR_FLAG_CA,Canada
STR_FLAG_CC,Cocos Islands
STR_FLAG_CD,Democratic Republic of the Congo
STR_FLAG_CF,Central African Republic
STR_FLAG_CG,Republic of the Congo
STR_FLAG_CH,Switzerland
STR_FLAG_CI,Ivory Coast
STR_FLAG_CK,Cook Islands
STR_FLAG_CL,Chile
STR_FLAG_CM,Cameroon
STR_FLAG_CN,China
STR_FLAG_CO,Colombia
STR_FLAG_CR,Costa Rica
STR_FLAG_CU,Cuba
STR_FLAG_CV,Cape Verde
STR_FLAG_CW,Curaçao
STR_FLAG_CX,Christmas Island
STR_FLAG_CY,Cyprus
STR_FLAG_CZ,Czech Republic
STR_FLAG_DE,Germany
STR_FLAG_DJ,Djibouti
STR_FLAG_DK,Denmark
STR_FLAG_DM,Dominica
STR_FLAG_DO,Dominican Republic
STR_FLAG_DZ,Algeria
STR_FLAG_EC,Ecuador
STR_FLAG_EE,Estonia
STR_FLAG_EG,Egypt
STR_FLAG_EH,Western Sahara
STR_FLAG_ER,Eritrea
STR_FLAG_ES,Spain
STR_FLAG_ET,Ethiopia
STR_FLAG_EU,European Union
STR_FLAG_FI,Finland
STR_FLAG_FJ,Fiji
STR_FLAG_FK,Falkland Islands
STR_FLAG_FM,Micronesia
STR_FLAG_FO,Faroe Islands
STR_FLAG_FR,France
STR_FLAG_GA,Gabon
STR_FLAG_GB,United Kingdom
STR_FLAG_GD,Grenada
STR_FLAG_GE,Georgia
STR_FLAG_GF,French Guiana
STR_FLAG_GG,Guernsey
STR_FLAG_GH,Ghana
STR_FLAG_GI,Gibraltar
STR_FLAG_GL,Greenland
STR_FLAG_GM,Gambia
STR_FLAG_GN,Guinea
STR_FLAG_GP,Guadeloupe
STR_FLAG_GQ,Equatorial Guinea
STR_FLAG_GR,Greece
STR_FLAG_GS,South Georgia and the South Sandwich Islands
STR_FLAG_GT,Gautemala
STR_FLAG_GU,Guam
STR_FLAG_GW,Guinea-Bissau
STR_FLAG_GY,Guyana
STR_FLAG_HK,Hong Kong
STR_FLAG_HM,Heard Island and McDonald Islands
STR_FLAG_HN,Honduras
STR_FLAG_HR,Croatia
STR_FLAG_HT,Haiti
STR_FLAG_HU,Hungary
STR_FLAG_ID,Indonesia
STR_FLAG_IE,Ireland
STR_FLAG_IL,Israel
STR_FLAG_IM,Isle of Man
STR_FLAG_IN,India
STR_FLAG_IO,British Indian Ocean Territory
STR_FLAG_IQ,Iraq
STR_FLAG_IR,Iran
STR_FLAG_IS,Iceland
STR_FLAG_IT,Italy
STR_FLAG_JE,Jersey
STR_FLAG_JM,Jamaica
STR_FLAG_JO,Jordan
STR_FLAG_JP,Japan
STR_FLAG_KE,Kenya
STR_FLAG_KG,Kyrgyzstan
STR_FLAG_KH,Cambodia
STR_FLAG_KI,Kiribati
STR_FLAG_KM,Comoros
STR_FLAG_KN,Saint Kitts and Nevis
STR_FLAG_KP,North Korea
STR_FLAG_KR,South Korea
STR_FLAG_KW,Kuwait
STR_FLAG_KY,Cayman Islands
STR_FLAG_KZ,Kazakhstan
STR_FLAG_LA,Lao
STR_FLAG_LB,Lebanon
STR_FLAG_LC,Saint Lucia
STR_FLAG_LI,Liechtenstein
STR_FLAG_LK,Sri Lanka
STR_FLAG_LR,Liberia
STR_FLAG_LS,Lesotho
STR_FLAG_LT,Lithuania
STR_FLAG_LU,Luxembourg
STR_FLAG_LV,Lativa
STR_FLAG_LY,Libya
STR_FLAG_MA,Morocco
STR_FLAG_MC,Monaco
STR_FLAG_MD,Moldova
STR_FLAG_ME,Montenegro
STR_FLAG_MF,Saint Martin
STR_FLAG_MG,Madagascar
STR_FLAG_MH,Marshall Islands
STR_FLAG_MK,North Macedonia
STR_FLAG_ML,Mali
STR_FLAG_MM,Myanmar
STR_FLAG_MN,Mongolia
STR_FLAG_MO,Macao
STR_FLAG_MP,Northern Mariana Islands
STR_FLAG_MQ,Martinique
STR_FLAG_MR,Mauritania
STR_FLAG_MS,Montserrat
STR_FLAG_MT,Malta
STR_FLAG_MU,Mauritius
STR_FLAG_MV,Maldives
STR_FLAG_MW,Malawi
STR_FLAG_MX,Mexico
STR_FLAG_MY,Malaysia
STR_FLAG_MZ,Mozambique
STR_FLAG_NA,Namibia
STR_FLAG_NC,New Caledonia
STR_FLAG_NE,Niger
STR_FLAG_NF,Norfolk Island
STR_FLAG_NG,Nigeria
STR_FLAG_NI,Nicaragua
STR_FLAG_NL,Netherlands
STR_FLAG_NO,Norway
STR_FLAG_NP,Nepal
STR_FLAG_NR,Nauru
STR_FLAG_NU,Niue
STR_FLAG_NZ,New Zealand
STR_FLAG_OM,Oman
STR_FLAG_PA,Panama
STR_FLAG_PE,Peru
STR_FLAG_PF,French Polynesia
STR_FLAG_PG,Papua New Guinea
STR_FLAG_PH,Philippines
STR_FLAG_PK,Pakistan
STR_FLAG_PL,Poland
STR_FLAG_PM,Saint Pierre and Miquelon
STR_FLAG_PN,Pitcairn
STR_FLAG_PR,Puerto Rico
STR_FLAG_PS,Palestine
STR_FLAG_PT,Portugal
STR_FLAG_PW,Palau
STR_FLAG_PY,Paraguay
STR_FLAG_QA,Qatar
STR_FLAG_RE,Réunion
STR_FLAG_RO,Romania
STR_FLAG_RS,Serbia
STR_FLAG_RU,Russia
STR_FLAG_RW,Rwanda
STR_FLAG_SA,Saudi Arabia
STR_FLAG_SB,Solomon Islands
STR_FLAG_SC,Seychelles
STR_FLAG_SD,Sudan
STR_FLAG_SE,Sweden
STR_FLAG_SG,Singapore
STR_FLAG_SH,"Saint Helena, Ascension and Tristan da Cunha"
STR_FLAG_SI,Slovenia
STR_FLAG_SJ,Svalbard and Jan Mayen
STR_FLAG_SK,Slovakia
STR_FLAG_SL,Sierra Leone
STR_FLAG_SM,San Marino
STR_FLAG_SN,Senegal
STR_FLAG_SO,Somalia
STR_FLAG_SR,Suriname
STR_FLAG_SS,South Sudan
STR_FLAG_ST,Sao Tome and Principe
STR_FLAG_SV,El Salvador
STR_FLAG_SX,Sint Maarten
STR_FLAG_SY,Syrian Arab Republic
STR_FLAG_SZ,Eswatini
STR_FLAG_TC,Turks and Caicos Islands
STR_FLAG_TD,Chad
STR_FLAG_TF,French Southern Territories
STR_FLAG_TG,Togo
STR_FLAG_TH,Thailand
STR_FLAG_TJ,Tajikistan
STR_FLAG_TK,Tokelau
STR_FLAG_TL,Timor-Leste
STR_FLAG_TM,Turkmenistan
STR_FLAG_TN,Tunisia
STR_FLAG_TO,Tonga
STR_FLAG_TR,Türkiye
STR_FLAG_TT,Trinidad and Tobago
STR_FLAG_TV,Tuvalu
STR_FLAG_TW,Taiwan
STR_FLAG_TZ,Tanzania
STR_FLAG_UA,Ukraine
STR_FLAG_UG,Uganda
STR_FLAG_UM,United States Minor Outlying Islands
STR_FLAG_US,United States
STR_FLAG_UY,Uruguay
STR_FLAG_UZ,Uzbekistan
STR_FLAG_VA,Holy See
STR_FLAG_VC,Saint Vincent and the Grenadines
STR_FLAG_VE,Venezuela
STR_FLAG_VG,Virgin Islands (British)
STR_FLAG_VI,Virgin Islands (U.S.)
STR_FLAG_VN,Vietnam
STR_FLAG_VU,Vanuatu
STR_FLAG_WF,Wallis and Futuna
STR_FLAG_WS,Samoa
STR_FLAG_YE,Yemen
STR_FLAG_YT,Mayotte
STR_FLAG_ZA,South Africa
STR_FLAG_ZM,Zambia
STR_FLAG_ZW,Zimbabwe
STR_FLAG_YU,Yugoslavia
STR_FLAG_GDR,East Germany
STR_FLAG_SU,USSR
STR_FLAG_EUROPE,Europe
STR_FLAG_WRLD,World
STR_POWER,Power
STR_POWER_STEAM,Steam
STR_POWER_DIESEL,Diesel
STR_POWER_DIESEL_ELECTRIC,Diesel (Diesel-electric)
STR_POWER_DIESEL_HYDRAULIC,Diesel (Diesel-hydraulic)
STR_POWER_ELECTRIC,Electric
STR_POWER_ELECTRIC_AC,Electric (AC)
STR_POWER_ELECTRIC_AC_15,Electric (AC 15kV)
STR_POWER_ELECTRIC_AC_25,Electric (AC 25kV)
STR_POWER_ELECTRIC_DC,Electric (DC)
STR_POWER_ELECTRIC_DC_600,Electric (DC 600V)
STR_POWER_ELECTRIC_DC_750,Electric (DC 750V)
STR_POWER_ELECTRIC_DC_1200,Electric (DC 1200V)
STR_POWER_ELECTRIC_DC_1500,Electric (DC 1500V)
STR_POWER_ELECTRIC_DC_3000,Electric (DC 3kV)
STR_POWER_TURBINE,Gas Turbine
STR_POWER_BATTERY,Battery
STR_POWER_MAGLEV,Maglev
STR_POWER_METRO,Metro
STR_LIVERY_COMPANY_2CC,Dual company colour (2CC)
STR_LIVERY_COMPANY_RANDOM_1CC,Random based on first company colour
STR_LIVERY_COMPANY_RANDOM_2CC,Random based on second company colour
str_mglv_maglev_wagon_powered,Maglev Unit Wagon
str_mglv_maglev_wagon_unpowered,Maglev Unit Wagon
str_rbs_komarek_nolb_1,Komarek NOLB 1
str_rbs_kerr__stuart___co__86,"Kerr, Stuart & Co. 86"
str_rbs_victorian_railways_rowan_railmotor,Victorian Railways Rowan Railmotor
str_rbs_esslingen_czm_1_2,Esslingen Czm 1/2
str_rbs_maffei_mcci,Maffei MCCi
str_rbs_kitson___co_csar_railmotor,Kitson & Co CSAR Railmotor
str_rbs_kerr_stuart_steam_railmotor,Kerr Stuart steam railmotor
str_rbs_kkstb_4_0,KkStB 4.0
str_rbd_aec_railmotor_rm1,AEC railmotor RM1
str_rbd_vt133_wismar_railcar,VT133 Wismar Railcar
str_rbd_aec_railcar,AEC Railcar
str_rbd_simmering_vt42,Simmering VT42
str_rbd_hutt_rm31,Hutt RM31
str_rbd_nohab_cp_0100,NOHAB CP 0100
str_rbd_budd_rdc,Budd RDC
str_rbd_uerdingen_railbus,Uerdingen railbus
str_rbd_mak_gdt,MaK GDT
str_rbd_allan_kameel,Allan 'Kameel'
str_rbd_ns_dh1,NS DH1
str_rbd_jenbacher_werke_5047,Jenbacher Werke 5047
str_rbd_hunslet_barclay_super_sprinter,Hunslet-Barclay 'Super Sprinter'
str_rbd_vagonka_studenka_809,Vagonka Studenka 809
str_rbd_dwa_670,DWA 670
str_rbd_rvr_ar2,RVR AR2
str_rbd_austro_daimler_z1,Austro-Daimler Z1
str_rbd_mckeen_motor_car_70,McKeen Motor Car 70
str_rbd_bbc_det_1_2_sachsischer,BBC DET 1-2 'Sächsischer'
str_rbd_wc_pr_drewry_railcar,WC&PR Drewry Railcar
str_rbd_lhw_bst_6001,LHW BSt 6001
str_rbd_emc_derm,EMC DERM
str_rbd_tatra_m120_4,Tatra M120.4
str_rbd_franz_kruckenberg_schienenzeppelin,Franz Kruckenberg Schienenzeppelin
str_rbd_dsb_mo_serie_1,DSB MO Serie 1
str_rbd_strommens_kristine_valdresdatter,Strommens Kristine Valdresdatter
str_rbd_tatra_m290,Tatra M290
str_rbd_werkspoor_dm37,Werkspoor DM37
str_rbd_eveleigh_400_class,Eveleigh 400 Class
str_rbd_vale_do_vouga_me51_55,Vale do Vouga ME51-55
str_rbd_ateliers_germain_42_43,Ateliers Germain 42/43
str_rbd_sgp_77783_1960,SGP 77783/1960
str_rbd_ferrostaal_esslingen_aa_71,Ferrostaal-Esslingen AA.71
str_rbd_alsthom_z_431,Alsthom Z-431
str_rbd_budd_spv_2000,Budd SPV-2000
str_rbd_ckd_vagonka_dm12,CKD Vagonka Dm12
str_rbd_stadler_regio_shuttle_rs1,Stadler Regio-Shuttle RS1
str_rbd_fiat_ferroviaria_aln_668_1400,Fiat Ferroviaria ALn 668.1400
str_rbe_ringhoffer_40_001,Ringhoffer 40.001
str_rbe_decauville_z_7100,Decauville Z 7100
str_rbe_hawa_aeg_kleinbahn_nr__1_3,HAWA/AEG Kleinbahn Nr. 1-3
str_rbe_raw_schoneweide_479_201,Raw Schoneweide 479.201
str_rbe_studenka_425_95,Studenka 425.95
str_rbe_pozzuoli___ocren_om_ale_840,Pozzuoli - OCREN OM ALe 840
str_rbe_stanga_ale_80,Stanga ALe 80
str_rbe_fs_e_623,FS E.623
str_rbe_oncf_zab1000,ONCF ZAB1000
str_rbe_pesa_308b,Pesa 308B
str_rbe_franz_knotz_4855,Franz Knotz 4855
str_rbe_lindner_talbot_et_10_109,Lindner/Talbot ET 10.109
str_rbe_waggonfabrik_fuchs_et_85,Waggonfabrik Fuchs ET 85
str_rbe_asj_y6,ASJ Y6
str_rbe_budd_silverliner_ii,Budd Silverliner II
str_rbe_hyundai_rotem_silverliner_v,Hyundai Rotem Silverliner V
str_steam_john_cockerill___cie__le_belge,John Cockerill & Cie. Le Belge
str_steam_gwr_4_4_0_american,GWR 4-4-0 'American'
str_steam_esslingen_ec_2_5,Esslingen Ec 2/5
str_steam_norris_4_6_0_ten_wheeler,Norris 4-6-0 'Ten-wheeler'
str_steam_baldwin_2_8_0_consolidation,Baldwin 2-8-0 'Consolidation'
str_steam_mav_377,MAV 377
str_steam_krauss_kkstb_99,Krauss KkStB 99
str_steam_mcintosh__caledonian_railway__439,McIntosh [Caledonian Railway] 439
str_steam_slm_winterthur_a_3_5,SLM Winterthur A 3/5
str_steam_slm_winterthur_e_3_3,SLM Winterthur E 3/3
str_steam_krauss_299,Krauss 299
str_steam_nzr_x,NZR X
str_steam_mavag_375,MaVAG 375
str_steam_fs_880,FS 880
str_steam_fcnea_11b_2_8_0,FCNEA 11B 2-8-0
str_steam_schneider_et_cie_140c,Schneider et Cie 140C
str_steam_union_giesserei_2_8_2t,Union Giesserei 2-8-2T
str_steam_gwr_4900_hall,GWR 4900 'Hall'
str_steam_gwr_5700_pannier,GWR 5700 'Pannier'
str_steam_henschel___sohn_series_6300,Henschel & Sohn series 6300
str_steam_baldwin_5000_madame_queen,Baldwin 5000 'Madame Queen'
str_steam_schwartzkopff_s_10_prussian,Schwartzkopff S 10 'Prussian'
str_steam_lms_5mt_black_five,LMS 5MT 'Black Five'
str_steam_kolomena_9p,Kolomena 9P
str_steam_lner_a4_gresley,LNER A4 'Gresley'
str_steam_mlw_royal_hudson,MLW 'Royal Hudson'
str_steam_nohab_4_6_2_f,NOHAB 4-6-2 'F'
str_steam_ggl_has_52,GGL/HAS 52
str_steam_doncaster_darlington_peppercorn,Doncaster/Darlington 'Peppercorn'
str_steam_henschel___son_condenser,Henschel & Son 'Condenser'
str_steam_kolomena_p36,Kolomena P36
str_steam_anf_del_150b,ANF/DEL 150B
str_steam_henschel_895,Henschel 895
str_steam_h__cegielski_okz32,H. Cegielski OKz32
str_steam_slm_c_5_6_elephant,SLM C 5/6 'Elephant'
str_steam_alco_series_4000_4_8_8_4_big_boy,ALCO series 4000 4-8-8-4 'Big Boy'
str_steam_sharp_stewart_3557_3565,Sharp Stewart 3557-3565
str_steam_gwr_iron_duke,GWR Iron Duke
str_steam_stephenson_0_4_2_locomotive_no_1,Stephenson 0-4-2 'Locomotive No.1'
str_steam_cooke_4_2_2_t__d__judah,Cooke 4-2-2 'T. D. Judah'
str_steam_beyer__p___co_2_4_0_ss_9_16__21_78,"Beyer, P & Co 2-4-0 SS 9-16, 21-78"
str_steam_beyer__p___co_2_6_0t_1702_1706,"Beyer, P & Co 2-6-0T 1702-1706"
str_steam_beyer__p___co_2_6_0_2073_2092,"Beyer, P & Co 2-6-0 2073-2092"
str_steam_canadian_pacific_374,Canadian Pacific 374
str_steam_nasmyth__wilson___co_35_tonner_4_6_0t,"Nasmyth, Wilson & Co '35-tonner' 4-6-0T"
str_steam_schneider_renfe_040,Schneider RENFE 040
str_steam_sachsische_maschinenfabrik_iv_k,Sächsische Maschinenfabrik IV K
str_steam_hanomag_s_3,Hanomag S 3
str_steam_thune_xxia,Thune XXIa
str_steam_prr_d16,PRR D16
str_steam_machinefabriek_breda_661_667,Machinefabriek Breda 661-667
str_steam_alco_46581_2_6_6_2_mallet,ALCO 46581 2-6-6-2 'Mallet'
str_steam_orenstein___koppel_2_8_0_8_tender,Orenstein & Koppel 2-8-0 '8-Tender'
str_steam_stratford_works_l77_lner_n7,Stratford Works L77 'LNER N7'
str_steam_sachsische_maschinenfabrik_xx_hv,Sächsische Maschinenfabrik XX HV
str_steam_beyer__p___co_2_4_0_ss_9_16,"Beyer, P & Co 2-4-0 SS 9-16"
str_steam_beyer__p___co_2_6_0_6112_6113,"Beyer, P & Co 2-6-0 6112-6113"
str_steam_baldwin_10_32_e_55246,Baldwin 10-32-E 55246
str_steam_canadian_national_u_1_a_,Canadian National U-1-a
str_steam_vulcan_foundry_2_6_4_class_xb,Vulcan Foundry 2-6-4 Class XB
str_steam_robert_stephenson_4_6_2_6982_6985,Robert Stephenson 4-6-2 6982-6985
str_steam_enr_1100__lms_fowler_3f___wd_0_6_0t_,ENR 1100 [LMS Fowler 3F / WD 0-6-0T]
str_steam_swindon_works_381,Swindon Works 381
str_steam_north_british_lc_r_4_6_4_hudson,North British LC R 4-6-4 Hudson
str_steam_veb_2_10_2t_99_77_79,VEB 2-10-2T 99.77-79
str_steam_raw_meiningen_4_6_2_89_,RAW Meiningen 4-6-2 89
str_steam_nzr_4_6_4t_wab,NZR 4-6-4T 'WAB'
str_steam_clyde_4_8_2_d57,Clyde 4-8-2 'D57'
str_steam_islington_railway_workshops_81_92_520,Islington Railway Workshops 81-92 520
str_steam_beyer__p___co_4_8_4_4_8_4_7473_7497,"Beyer, P & Co 4-8-4+4-8-4 7473-7497"
str_steam_afe_n1_2_6_0,AFE N1 2-6-0
str_steam_sir_armstrong_whithworth___co__ps11,Sir Armstrong Whithworth & Co. PS11
str_steam_alexander_chaplin___co__1584_0_4_0vb,Alexander Chaplin & Co. 1584 0-4-0VB
str_steam_falcon_engine_and_car_works_f2,Falcon Engine and Car Works F2
str_steam_ansaldo_r_440_mallet,Ansaldo R.440 'Mallet'
str_steam_beyer__p___co__4_8_0_6128_6133,"Beyer, P & Co. 4-8-0 6128-6133"
str_steam_vulcan_foundry_4_8_2_4318_4320,Vulcan Foundry 4-8-2 4318-4320
str_steam_beyer__p___co__4_6_4_4_6_4_15th,"Beyer, P & Co. 4-6-4+4-6-4 '15th'"
str_steam_beyer__p___co__4_8_2_2_8_4_7550_7552,"Beyer, P & Co. 4-8-2+2-8-4 7550-7552"
str_steam_vulcan_foundry_2_8_4_6228,Vulcan Foundry 2-8-4 6228
str_steam_kitson_2_2_2wt_481_fairy_queen,Kitson 2-2-2WT 481 'Fairy Queen'
str_steam_sharp__stewart___co_0_4_0st_dhr_b,"Sharp, Stewart & Co 0-4-0ST DHR B"
str_steam_baldwin_2_8_0_sentetsu_sorii,Baldwin 2-8-0 Sentetsu Sorii
str_steam_putilov_4_6_0_u,Putilov 4-6-0 U
str_steam_baldwin_12_44_f_2_10_0_ye,Baldwin 12-44 F 2-10-0 'Ye'
str_steam_baldwin_4_6_0_50201,Baldwin 4-6-0 50201
str_steam_fs_480,FS 480
str_steam_fs_691,FS 691
str_steam_north_british_lb_2_10_0,North British Lb 2-10-0
str_steam_alco_baldwin_2_8_0_usatc_s160,ALCO/Baldwin 2-8-0 'USATC S160'
str_steam_renfe_4_8_4_242f_confederacion,RENFE 4-8-4 242F 'Confederacion'
str_steam_skoda_6lo,Skoda 6Lo
str_steam_hanomag_fablok_4_6_0_ok22,Hanomag/Fablok 4-6-0 Ok22
str_steam_mavag_4_8_0_424,MAVAG 4-8-0 424
str_steam_mavag_4_4_4t_242,MAVAG 4-4-4T 242
str_steam_vulcan_foundry_2_8_0_liberation,Vulcan Foundry 2-8-0 'Liberation'
str_steam_fablok_2_6_2_oi49,Fablok 2-6-2 OI49
str_steam_floridsdorf_2_6_2_kkstb_310,Floridsdorf 2-6-2 KkStB 310
str_steam_lima__4_8_4_7798_7817_daylight,Lima  4-8-4 7798-7817 'Daylight'
str_steam_gs_wr_0_6_0_101,GS&WR 0-6-0 '101'
str_steam_alco_2_8_2_5100_5194_light_mikado,ALCO 2-8-2 5100-5194 'Light Mikado'
str_steam_fcgr__bags__no__315_2_4_0t,FCGR [BAGS] No. 315 2-4-0T
str_steam_eveleigh_4_6_0_c35,Eveleigh 4-6-0 'C35'
str_steam_alco_2_8_0_74707_74785_type_29,ALCO 2-8-0 74707-74785 'Type 29'
str_steam_fcab_4_8_2_vulcan_mountain,FCAB 4-8-2 Vulcan 'Mountain'
str_steam_datong_qj_2_10_2_101_3602,Datong QJ 2-10-2 101-3602
str_diesel_db_kof_ii___db_322,DB Kof II / DB 322
str_diesel_cnj_alco_ge_ir_boxcab_100t,CNJ ALCo-GE-IR Boxcab 100T
str_diesel_werkspoor_200_sik,Werkspoor 200 'Sik'
str_diesel_bmag_wr_200_b_14,BMAG 'WR 200 B 14'
str_diesel_bbc_slm_am_4_6,BBC/SLM Am 4/6
str_diesel_ge_44_ton_switcher,GE 44-ton switcher
str_diesel_alco_s_2,ALCO S-2
str_diesel_emd_f3,EMD F3
str_diesel_emd_e8,EMD E8
str_diesel_efcb_alco_rs_3,EFCB ALCO RS-3
str_diesel_english_electric_bakkie,English Electric 'Bakkie'
str_diesel_baldwin_rf_16_sharknose,Baldwin RF-16 'Sharknose'
str_diesel_afe_1500,AFE 1500
str_diesel_fm_h_24_66_trainmaster,FM H-24-66 'Trainmaster'
str_diesel_br_class_08_0_6_0de,BR Class 08 0-6-0DE
str_diesel_jenbacher_werke_2060,Jenbacher Werke 2060
str_diesel_emd_sw1200,EMD SW1200
str_diesel_emd_fp9,EMD FP9
str_diesel_ganz_mavag_dvm2_m44,Ganz-MAVAG DVM2 'M44'
str_diesel_raba_m_030_m28,Raba M 030 'M28 Nyünyüke'
str_diesel_cockerill_sambre_hld_serie_83,Cockerill-Sambre HLD serie 83
str_diesel_krauss_maffei_v200,Krauss-Maffei V200
str_diesel_emd_fl9,EMD FL9
str_diesel_ckd_t_435_0,CKD T 435.0
str_diesel_valmet_lokomo_dr12,Valmet/Lokomo Dr12
str_diesel_electroputre_060_da,Electroputre 060-DA
str_diesel_emd_gl8,EMD GL8
str_diesel_krauss_maffei_ml_4000,Krauss-Maffei ML 4000
str_diesel_kolomna_tep60,Kolomna TEP60
str_diesel_bn_acec_62,BN/ACEC 62
str_diesel_mak_100,MaK 100
str_diesel_alco_dl560c_wdm_2,ALCO DL560C 'WDM-2'
str_diesel_br_14_0_6_0dh,BR 14 0-6-0DH
str_diesel_ckd_t_669,CKD T-669
str_diesel_ugofe_gm_emd_j16cw_ac,UGOFE GM-EMD J16CW/AC
str_diesel_ltz_m62,LTZ M62
str_diesel_emd_clyde_j26c,EMD/Clyde J26C
str_diesel_ge_g22w,GE G22W
str_diesel_emd_dda40x,EMD DDA40X
str_diesel_emd_clyde_gl26c,EMD/Clyde GL26C
str_diesel_emd_g26,EMD G26
str_diesel_henschel_tgoj_v4,Henschel TGOJ V4
str_diesel_mlw_m420w,MLW M420W
str_diesel_emd_sdp_40f,EMD SDP-40F
str_diesel_sifang_dfh3,Sifang DFH3
str_diesel_emd_f40ph,EMD F40PH
str_diesel_sorefame_alsthom_1900,Sorefame/Alsthom 1900
str_diesel_valmet_oy_dr16,Valmet Oy Dr16
str_diesel_kolomena_tep80,Kolomena TEP80
str_diesel_emd_clyde_jt46c,EMD/Clyde JT46C
str_diesel_ge_p42dc_genesis,GE P42DC 'Genesis'
str_diesel_tulomsas_tcdd_dh7000,Tulomsas TCDD DH7000
str_diesel_ge_u20c,GE U20C
str_diesel_vossloh_siemens_serie_77_78,Vossloh Siemens serie 77/78
str_diesel_emd_jt42cwrm,EMD JT42CWRM
str_diesel_emd_jt42hw_hs,EMD JT42HW-HS
str_diesel_alstom_de43ca_prima,Alstom DE43CA 'Prima'
str_diesel_ltz_tep150,LTZ TEP150
str_diesel_ge_crrc_qishuyan_es59aci,GE/CRRC Qishuyan ES59ACi
str_diesel_voith_gravita_10_bb,Voith Gravita 10 BB
str_diesel_voronezh_vniizht_gt1,Voronezh/VNIIZHT GT1
str_diesel_siemens_er20_eurorunner,Siemens ER20 'Eurorunner'
str_diesel_voith_maxima_40_cc,Voith Maxima 40 CC
str_diesel_hohenzollern_emch3,Hohenzollern Emch3
str_diesel_canadian_locomotive_company_v_1,Canadian Locomotive Company V-1
str_diesel_lms_7051_diesel_shunter,LMS 7051 Diesel Shunter
str_diesel_emc_ta,EMC TA
str_diesel_baldwin_vo_660,Baldwin VO-660
str_diesel_lms_no__7080_d3_7,LMS No. 7080 'D3/7'
str_diesel_queensland_railways_dl,Queensland Railways DL
str_diesel_fm_h_10_44,FM H-10-44
str_diesel_baldwin_drs6_4_1000,Baldwin DRS6-4-1000
str_diesel_cie_113,CIE 113
str_diesel_baldwin_as_616,Baldwin AS-616
str_diesel_fm_h_16_44,FM H-16-44
str_diesel_islington_railway_workshops_sar_900,Islington Railway Workshops SAR 900
str_diesel_emd_g12_a608_m2,EMD G12 A608 'M2'
str_diesel_metropolitan_vickers_cie_001,Metropolitan-Vickers/CIE 001
str_diesel_fiat_grandi_motori_d_341,Fiat Grandi Motori D.341
str_diesel_alco_ae_goodwin_dl_500b,ALCO/AE Goodwin DL-500B
str_diesel_henschel_dh_1420,Henschel DH-1420
str_diesel_emd_sd18,EMD SD18
str_diesel_fiat_grandi_motori_d_345,Fiat Grandi Motori D.345
str_diesel_henschel_di4,Henschel Di4
str_diesel_qishuyan_df8,Qishuyan DF8
str_diesel_emd_clyde_jt26c_2ss,EMD/Clyde JT26C-2SS
str_diesel_brush_class_60,Brush Class 60
str_diesel_ge_goninan_cm25_8,GE/Goninan CM25-8
str_diesel_emd_sd70acs,EMD SD70ACS
str_diesel_gmd_jt42hcw,GMD JT42HCW
str_diesel_emd_f59ph,EMD F59PH
str_diesel_mak___vossloh_g1206,MaK / Vossloh G1206
str_diesel_vossloh_g_2000_bb,Vossloh G 2000 BB
str_diesel_mpi_mp40ph_3c,MPI MP40PH-3C
str_diesel_vossloh_espana___emd_334,Vossloh Espana / EMD 334
str_diesel_inka_cc300,INKA CC300
str_diesel_great_southern_railway_dh501,Great Southern Railway DH501
str_diesel_ee_vfflb,EE VFFLB
str_diesel_ge_u5b,GE U5B
str_diesel_alco_rsd_39,ALCO RSD-39
str_diesel_emd_ddm45,EMD DDM45
str_diesel_ge_c39_8__fcca_,GE C39-8 [FCCA]
str_diesel_sofse_319_3,SOFSE 319.3
str_diesel_cnr_ckd8g,CNR CKD8G
str_diesel_aeg_sar_ds,AEG SAR DS
str_diesel_gm_gt_26_w__040dg_,GM GT 26 W [040DG]
str_diesel_emd_gl8__040df_,EMD GL8 [040DF]
str_diesel_ltz_te114e,LTZ TE114E
str_diesel_gm_gl_18_b__040dj_,GM GL 18 B [040DJ]
str_diesel_alsthom_cc_72000,Alsthom CC 72000
str_diesel_ltz_tep10l,LTZ TEP10L
str_diesel_ltz_2te10m,LTZ 2TE10M
str_diesel_faur_lde1300,FAUR LDE1300
str_diesel_ltz_2te126,LTZ 2TE126
str_diesel_ltz_2te10ut,LTZ 2TE10Ut
str_diesel_cmks_709_0_4_0de,CMKS 709 0-4-0DE
str_diesel_antonio_badoni_lecco_sogliole_207,Antonio Badoni Lecco 'Sogliole' 207
str_diesel_baldwin_0_6_6_0_1000,Baldwin 0-6-6-0 1000
str_diesel_alco_rsc_2,ALCO RSC-2
str_diesel_brissonneau_and_lotz_bb_67400,Brissonneau and Lotz BB 67400
str_diesel_mak_de_6400,MaK DE 6400
str_diesel_ge_es40aci,GE ES40ACi
str_diesel_vossloh_afro_4000,Vossloh Afro 4000
str_diesel_ge_u10b,GE U10B
str_diesel_emd_pacific_gt26c_3,EMD/Pacific GT26C-3
str_diesel_cargonet_312,CargoNet 312
str_diesel_ge_pacific_c44esaci,GE/Pacific C44ESACi
str_diesel_stadler_uklight,Stadler UKLight
str_diesel_siemens_charger_alc_42,Siemens Charger ALC-42
str_mtro_buenos_aires_le_brugeoise,Buenos Aires 'Le Brugeoise'
str_mtro_acf_new_york_r1,ACF New York R1
str_mtro_lhb_et_171,LHB ET 171
str_mtro_gec_alsthom_paris_mp55,GEC-Alsthom Paris MP55
str_mtro_lhb_lisbon_ml7,LHB Lisbon ML7
str_mtro_mmz_budapest_ev3,MMZ Budapest Ev3
str_mtro_strommens_oslo_t1000,Strommens Oslo T1000
str_mtro_hawker_siddeley_toronto_h1,Hawker Siddeley Toronto H1
str_mtro_man_munchen_mvg_a2,MAN Munchen MVG A2
str_mtro_st__louis_car_co_new_york_r44,St. Louis Car Co New York R44
str_mtro_lhb_amsterdam_m1,LHB Amsterdam M1
str_mtro_asea_stockholm_c8,ASEA Stockholm C8
str_mtro_aeg_pyongyang_d,AEG Pyongyang D
str_mtro_valmet_helsinki_m100,Valmet Helsinki M100
str_mtro_sorefame_sao_paulo_serie_5500,Sorefame Sao Paulo Serie 5500
str_mtro_mmz_moscow_81_720,MMZ Moscow 81-720
str_mtro_kawasaki_tokyo_s01,Kawasaki Tokyo S01
str_mtro_kinki_sharyo_vcairo,Kinki Sharyo Vcairo
str_mtro_lhb_london_dlr_p86,LHB London DLR P86
str_mtro_mmz_moscow_81_717_5m,MMZ Moscow 81-717.5M
str_mtro_bombardier_boston_01800,Bombardier Boston 01800
str_mtro_breda_la_a650,Breda LA A650
str_mtro_kawasaki_taipei_c301,Kawasaki Taipei C301
str_mtro_caf_amsterdam_s3_90,CAF Amsterdam S3 90
str_mtro_gec_alsthom_paris_mp89,GEC-Alsthom Paris MP89
str_mtro_mmz_moscow_81_740,MMZ Moscow 81-740
str_mtro_alstom_singapore_c830_metropolis,Alstom Singapore C830 'Metropolis'
str_mtro_siemens_oslo_mx3000,Siemens Oslo MX3000
str_mtro_kawasaki_osaka_30000,Kawasaki Osaka 30000
str_mtro_kawasaki_singapore_c151a,Kawasaki Singapore C151A
str_mtro_kawasaki_washington_7000,Kawasaki Washington 7000
str_mtro_hitachi_thessaloniki_2014,Hitachi Thessaloniki 2014
str_mtro_aeg_berlin_u_bahn_a_i,AEG Berlin U-Bahn A I
str_mtro_acf_new_york_hedley_hi_v,ACF New York Hedley Hi-V
str_mtro_kawasaki_osaka_1000,Kawasaki Osaka 1000
str_mtro_mmz_moscow_type_a,MMZ Moscow Type A
str_mtro_acf_new_york_r10,ACF New York R10
str_mtro_stanga_rome_mr_100,Stanga Rome MR 100
str_mtro_mmz_moscow_type_d,MMZ Moscow Type D
str_mtro_werkspoor_rotterdam_mg2_type_m,Werkspoor Rotterdam MG2 Type M
str_mtro_mmz_prague_ecs_set,MMZ Prague ECS Set
str_mtro_hitachi_buenos_aires_serie_1200,Hitachi Buenos Aires Serie 1200
str_mtro_gec_alsthom_santiago_ns_93,GEC-Alsthom Santiago NS-93
str_mtro_alstom_brasil_santiago_as_2002,Alstom Brasil Santiago AS-2002
str_mtro_tudh_recife_vlt_mobile_3,TUDH Recife VLT Mobile 3
str_mtro_caf_madrid_series_5000,CAF Madrid Series 5000
str_mtro_caf_rome_s_300,CAF Rome S/300
str_mtro_caf_algiers_2011_stock,CAF Algiers 2011 Stock
str_mtro_stadler_berlin_u_bahn_ik,Stadler Berlin U-Bahn IK
str_mtro_st__louis_car_company_chicago_l_6000_series,St. Louis Car Company Chicago L 6000 Series
str_mtro_brc_w_london_1903_stock,BRC&W London 1903 Stock
str_mtro_london_1938_stock,London 1938 Stock
str_electric_ner_ef1,NER EF1
str_electric_jnr_eb10,JNR EB10
str_electric_hitachi_kawasaki_ef55,Hitachi/Kawasaki EF55
str_electric_slm_ns_1000,SLM NS 1000
str_electric_alsthom_bb_7200_ns_1600,Alsthom BB 7200/NS 1600
str_electric_victorian_railways_e,Victorian Railways E
str_electric_british_thomson_houston_es1,British Thomson-Houston ES1
str_electric_alco_ge_nyc_s_motor_s1,ALCO-GE NYC S-Motor S1
str_electric_nippon_sharyo_deki_400,Nippon Sharyo DeKi 400
str_electric_vulcan_foundry_slm_ef_1,Vulcan Foundry-SLM EF/1
str_electric_jeumont_schneider_bb_9004,Jeumont-Schneider BB 9004
str_electric_werkspoor_ess_3200,Werkspoor ESS 3200
str_electric_metropolitan_vicerks_em2,Metropolitan-Vicerks EM2
str_electric_ner_ee1,NER EE1
str_electric_ge_es_2,GE ES-2
str_electric_ge_2_4_8_0_0_8_4_2_ep2,GE 2-4-8-0+0-8-4-2 EP2
str_electric_efe_e_28,EFE E-28
str_electric_breda_e_428,Breda E.428
str_electric_werkspoor_sar_es,Werkspoor SAR ES
str_electric_english_electric_e__aei_e_,English Electric E [AEI E]
str_electric_hcp_203e,HCP 203E
str_electric_pafawag_104e,Pafawag 104E
str_electric_skoda_98e,Skoda 98E
str_electric_tibb_e_646,TIBB E.646
str_electric_breda_e_424,Breda E.424
str_electric_savigliano_e_444,Savigliano E.444
str_electric_fiat_e_633,Fiat E.633
str_electric_bn_acec_25_5,BN/ACEC 25.5
str_electric_krauss_maffei_caf_250,Krauss Maffei/CAF 250
str_electric_efe_e_29,EFE E-29
str_electric_efe_e_17,EFE E-17
str_electric_alsthom_e_700,Alsthom E 700
str_electric_vulcan_foundry_ee_em_1,Vulcan Foundry-EE EM/1
str_electric_union_carriage___wagon_e38,Union Carriage & Wagon E38
str_electric_mitsubishi_series_269,Mitsubishi series 269
str_electric_skoda_69e,Skoda 69E
str_electric_aeg_skabo_el7,AEG/Skabo EL7
str_electric_westinghouse_ff_1_big_liz_,Westinghouse FF-1 'Big Liz'
str_electric_elin_floridsdorf_1161,ELIN/Floridsdorf 1161
str_electric_maffei_ssw_lok_5_adolphine,Maffei/SSW Lok 5 'Adolphine'
str_electric_thune_asea_el10,Thune/ASEA EL10
str_electric_aeg_e_04,AEG E 04
str_electric_ge_4_6_0_0_6_4oe_gg_1,GE 4-6-0+0-6-4OE GG-1
str_electric_slm_1100_crocodile,SLM 1100 'Crocodile'
str_electric_aeg_bbc_henschel_siemens_e03,AEG/BBC/Henschel/Siemens E03
str_electric_krauss_wasseg_e_91_9,Krauss/WASSEG E 91.9
str_electric_slm_ce_4_4,SLM Ce 4/4
str_electric_slm_ae_6_6,SLM Ae 6/6
str_electric_slm_abb_lok_2000,SLM-ABB Lok 2000
str_electric_stadler_butler_eem_923,Stadler Butler Eem 923
str_electric_sgp_1044,SGP 1044
str_electric_sgp_1063,SGP 1063
str_electric_asea_dm3,ASEA Dm3
str_electric_bombardier_traxx_h80_ac,Bombardier Traxx H80 AC
str_electric_siemens_oa,Siemens Oa
str_electric_asea_f,ASEA F
str_electric_thyssen_henschel_el17,Thyssen-Henschel EL17
str_electric_borsig_ssw_es_6,Borsig/SSW ES 6
str_electric_ge_el_2b,GE EL-2B
str_electric_ge_w_1,GE W-1
str_electric_westinghouse_6woe_b1,Westinghouse 6wOE B1
str_electric_siemens_e40_ag_v1,Siemens E40 AG-V1
str_electric_zuzhou_ss6,Zuzhou SS6
str_electric_zuzhou_ss3,Zuzhou SS3
str_electric_toshiba_cnr_dalian_hxd3,Toshiba/CNR Dalian HXD3
str_electric_toshiba_crrc_hxd1d,Toshiba/CRRC HXD1D
str_electric_kawasaki_6k,Kawasaki 6K
str_electric_ge_e44,GE E44
str_electric_asea_koncar_rb,ASEA/Koncar Rb
str_electric_ganz_mavag_vm14_v43,Ganz-MAVAG VM14 'V43'
str_electric_alsthom_cp_2500,Alsthom CP 2500
str_electric_alsthom_cp_2600,Alsthom CP 2600
str_electric_zelc_20e_china_doll,ZELC 20E 'China Doll'
str_electric_siemens_eurosprinter_es64f,Siemens EuroSprinter ES64F
str_electric_devz_ds3,DEVZ DS3
str_electric_skoda_47e,Skoda 47E
str_electric_ansaldo___breda_c_f_e_491,Ansaldo - Breda C.F E.491
str_electric_asea_electroputere_rb,ASEA/Electroputere Rb
str_electric_cef_bb_1600,CEF BB 1600
str_electric_br_85,BR 85
str_electric_ge_e60c_2,GE E60C-2
str_electric_alstom_prima_ii,Alstom Prima II
str_electric_toshiba_ea,Toshiba EA
str_electric_asea_gmd_gf6c,ASEA-GMD GF6C
str_electric_alsthom_bb_22200,Alsthom BB 22200
str_electric_gec_alsthom_bb_26000,GEC-Alsthom BB 26000
str_electric_alsthom_bb_25500,Alsthom BB 25500
str_electric_siemens_eurosprinter_es64u4,Siemens Eurosprinter ES64U4
str_electric_toshiba_eh500,Toshiba EH500
str_electric_asea_emd_aem_7,ASEA-EMD AEM-7
str_electric_bombardier_alstom_hhp_8,Bombardier-Alstom HHP-8
str_electric_skoda_109e,Skoda 109E
str_electric_caf_macosa_252,CAF/Macosa 252
str_electric_bombardier_traxx_f140_ms,Bombardier Traxx F140 MS
str_electric_tibb_e_550,TIBB E.550
str_electric_hitachi_ef81,Hitachi EF81
str_electric_abb_brush_class_92,ABB/Brush Class 92
str_electric_siemens_acs_64,Siemens ACS-64
str_electric_alsthom_cc_40101,Alsthom CC 40101
str_electric_alsthom_class_13_hle,Alsthom Class 13 HLE
str_dmu_lhb_vt_04_0_flying_hamburger,LHB VT 04.0 'Flying Hamburger'
str_dmu_harland___wolf_silver_city_comet,Harland & Wolf 'Silver City Comet'
str_dmu_tatra_m131,Tatra M131
str_dmu_man_vt_08_5,MAN VT 08.5
str_dmu_south_australian_railways_400_redhen,South Australian Railways 400 'Redhen'
str_dmu_man_lhb_vt11_5___db_601_tee,MAN/LHB VT11.5 / DB 601 'TEE'
str_dmu_werkspoor_plan_u_de_iii,Werkspoor Plan U DE-III
str_dmu_uac_turbo_train,UAC 'Turbo Train'
str_dmu_jz_811,JZ 811
str_dmu_brel_43_ic125,BREL 43 IC125
str_dmu_bombardier_m6109,Bombardier M6109
str_dmu_abb_ic3_y2,ABB IC3 Y2
str_dmu_caf_594_trd,CAF 594 TRD
str_dmu_adtranz_class_168_clubman,Adtranz Class 168 'Clubman'
str_dmu_adtranz_class_612_regio_swinger,Adtranz Class 612 'Regio Swinger'
str_dmu_siemens_desiro,Siemens Desiro
str_dmu_alstom_coradia_lint,Alstom Coradia LINT
str_dmu_bombardier_talent_nsb_bm_93,Bombardier Talent NSB BM 93
str_dmu_ugl_wd_prospector,UGL WD 'Prospector'
str_dmu_ugl_hunter_railcar,UGL 'Hunter' Railcar
str_dmu_mvm_ra2,MVM RA2
str_dmu_ansaldobreda_ic4,AnsaldoBreda IC4
str_dmu_tzv_gredelj_7022,TZV Gredelj 7022
str_dmu_fiat_tcdd_mt_5500,Fiat TCDD MT 5500
str_dmu_fuji_kiha_181,Fuji KiHa 181
str_dmu_vagonka_studenka_814,Vagonka Studenka 814
str_dmu_br_150_0_sprinter,BR 150/0 'Sprinter'
str_dmu_brel_141_pacer,BREL 141 'Pacer'
str_dmu_abb_ic3__israel_,ABB IC3 [Israel]
str_dmu_comeng_3100,Comeng 3100
str_dmu_abb_xplorer,ABB Xplorer
str_dmu_niigata_transys_kiha_189,Niigata Transys KiHa 189
str_dmu_integral_coach_factory_s11,Integral Coach Factory S11
str_dmu_zos_vrutky_861,ZOS Vrutky 861
str_dmu_caf_tld_500,CAF TLD-500
str_dmu_camrail_ze_500,Camrail ZE 500
str_dmu_metro_cammell_251_blue_pullman,Metro-Cammell 251 'Blue Pullman'
str_dmu_comeng_adk,Comeng ADK
str_dmu_anf_x_4630,ANF X 4630
str_dmu_anf_t_2000,ANF T 2000
str_dmu_duwag_wadloper,Duwag Wadloper
str_dmu_duwag_628_2,Duwag 628.2
str_dmu_caf_zz_2200_autorail,CAF ZZ 2200 Autorail
str_dmu_cfd_amt_800,CFD AMT 800
str_dmu_cnr_tangshan_ghana_demu,CNR Tangshan Ghana DEMU
str_dmu_downer_edi_hitachi_tilt_train,Downer EDI/Hitachi Tilt Train
str_dmu_nippon_sharyo_1000_series,Nippon-Sharyo 1000 Series
str_dmu_materfer_cmm_400_2,Materfer CMM 400-2
str_dmu_fiat_aln_442_448,Fiat ALn 442-448
str_dmu_sorefame_cp_0400,Sorefame CP 0400
str_dmu_sorefame_cp_0600,Sorefame CP 0600
str_dmu_mtm_2400_apollos,MTM 2400 'Apollos'
str_cargodmu_windhoff_cargosprinter,Windhoff CargoSprinter
str_emu_downer_crrc_hitachi_waratah,Downer/CRRC/Hitachi 'Waratah'
str_emu_frichs___scandia_s_tog_ii,Frichs & Scandia S-Tog II
str_emu_alsthom_s_tog_iv,Alsthom S-Tog IV
str_emu_tibb_ecd_21_30,TIBB ECD 21-30
str_emu_werkspoor_mat24,Werkspoor Mat'24
str_emu_werkspoor_mat36,Werkspoor Mat'36
str_emu_werkspoor_mat54,Werkspoor Mat'54
str_emu_talbot_plan_y,Talbot Plan Y
str_emu_talbot_icm_4000,Talbot ICM 4000
str_emu_talbot_dd_irm_virm_8000,Talbot DD-IRM 'VIRM' 8000
str_emu_de_dietrich_adtranz_mddm_390,De Dietrich/Adtranz mDDm 390
str_emu_aeg_ew90,AEG EW90
str_emu_breda_etr_200,Breda ETR.200
str_emu_breda_etr_300_settebello,Breda ETR.300 'Settebello'
str_emu_trevi_etr_500_frecciarossa,TREVI ETR.500 'Frecciarossa'
str_emu_ansaldobreda_ale_426,AnsaldoBreda ALe 426
str_emu_bn_acec_zmc,BN/ACEC ZMC
str_emu_asea_ew54,ASEA EW54
str_emu_breda_ale_801,Breda ALe 801
str_emu_sgp_aeg_bbc_4030,SGP/AEG/BBC 4030
str_emu_elin_et_10,ELIN ET 10
str_emu_stadler_4010_kiss,Stadler 4010 'KISS'
str_emu_lhb_420,LHB 420
str_emu_adtranz_bm73,Adtranz BM73
str_emu_nebb_m65,NEBB M65
str_emu_asea_x2000,ASEA X2000
str_emu_swp_rabde_510,SWP RABDe 510
str_emu_schindler_rbde_560,Schindler RBDe 560
str_emu_stadler_rabe_523_flirt,Stadler RABe 523 'Flirt'
str_emu_budd_metroliner,Budd Metroliner
str_emu_siemens_velero,Siemens Velero
str_emu_siemens_desiro_bdz,Siemens Desiro BDZ
str_emu_valmet_sm2,Valmet Sm2
str_emu_fiat_caf_sm4,Fiat/CAF Sm4
str_emu_ganz_mavag_vm17_bdvmot,Ganz-MAVAG VM17 'BDVmot'
str_emu_acme_corp__sureot,ACME Corp. Sureot
str_emu_hitachi_shinkansen_series_0,Hitachi Shinkansen Series 0
str_emu_hitachi_shinkansen_series_700,Hitachi Shinkansen Series 700
str_emu_hitachi_kawasaki_shinkansen_series_e1_max,Hitachi/Kawasaki Shinkansen Series E1 Max
str_emu_alstom_coradia_duplex,Alstom 'Coradia Duplex'
str_emu_rvr_er31,RVR ER31
str_emu_carel_et_fouche_alsthom_z_6100,Carel et Fouche/Alsthom Z 6100
str_emu_bombardier_ucw_electrostar_gautrain,Bombardier/UCW Electrostar 'Gautrain'
str_emu_alsthom_jeumont_tcdd_e8000,Alsthom/Jeumont TCDD E8000
str_emu_csr_qingdao_chr380a,CSR Qingdao CHR380A
str_emu_prr_mp54,PRR MP54
str_emu_alstom_agv,Alstom AGV
str_emu_alstom_avelia_horizon,Alstom Avelia Horizon
str_emu_ansaldobreda_v250_albatros,AnsaldoBreda V250 'Albatros'
str_emu_ns_4800_hsa_fyra,NS 4800 HSA 'Fyra'
str_emu_sig_rae_tee_ii,SIG Rae TEE II
str_emu_pullman_erie_lackawanna_2500_series,Pullman Erie Lackawanna 2500 Series
str_emu_alsthom_tgv_23000,Alsthom TGV 23000
str_emu_alsthom_tgv_duplex,Alsthom TGV Duplex
str_emu_gec_alsthom_thalys_pbka,GEC-Alsthom Thalys PBKA
str_emu_alsthom_pendolino_680,Alsthom 'Pendolino' 680
str_emu_caf_alstom_class_120,CAF/Alstom Class 120
str_emu_bombarier_alstom_acela_express,Bombarier/Alstom Acela Express
str_singlemtro_brooklyn_union_gate_1300,Brooklyn Union Gate 1300
str_singlemtro_siemens___halske_budapest_1894_stock,Siemens & Halske Budapest 1894 Stock
str_singlemtro_chicago_l_northwest_elevated_1907_stock,Chicago L Northwest Elevated 1907 Stock
str_singlemtro_berlin_u_bahn_c_ii,Berlin U-Bahn C II
str_rbm_acme_corp__turbobus,ACME Corp. Turbobus
str_mglv_siemens_eurosprinter_es64u4m,Siemens Eurosprinter ES64U4M
str_mmu_siemens_thyssenkrupp_transrapid,Siemens-Thyssenkrupp Transrapid
str_mmu_mistubishi_nippon_sharyo_mlx01_901,Mistubishi/Nippon Sharyo MLX01-901
str_mglv_wagon_gen7m_boxcar_type1,7th Gen Boxcar [Food]
str_mglv_wagon_gen7m_boxcar_type2,7th Gen Boxcar [Non-Food]
str_mglv_wagon_gen7m_car_transporter,7th Gen Car Transporter
str_mglv_wagon_gen7m_centerbeam,7th Gen Centerbeam Flatcar
str_mglv_wagon_gen7m_container_carrier,7th Gen Container Carrier
str_mglv_wagon_gen7m_container_doublestack,7th Gen Container Doublestack
str_mglv_wagon_gen7m_flatcar,7th Gen Flatcar
str_mglv_wagon_gen7m_gondola,7th Gen Gondola
str_mglv_wagon_gen7m_heavy_flatcar,7th Gen Heavy Flatcar
str_mglv_wagon_gen7m_hopper_type1,7th Gen Self-discharging Hopper [Food]
str_mglv_wagon_gen7m_hopper_type2,7th Gen Self-discharging Hopper [Non-Food]
str_mglv_wagon_gen7m_silo_type1,7th Gen Silo [Food]
str_mglv_wagon_gen7m_silo_type2,7th Gen Silo [Non-Food]
str_mglv_wagon_gen7m_superheavy_flatcar,7th Gen Superheavy Flatcar
str_mglv_wagon_gen7m_tanker,7th Gen Tanker
str_rbd_niigata_transys_shikoku_1000,Niigata Transys Shikoku 1000
str_rbd_niigata_transys_kiha_e120,Niigata Transys KiHa E120
str_rbd_efe_sb_56_buscarril,EFE SB-56 'Buscarril'
str_rbd_sulzer_m_railcar,Sulzer M Railcar
str_rbd_eritrean_railway_a_62_70_littorina,Eritrean Railway A.62-70 'Littorina'
str_rbe_slm_cfe_3_3,SLM CFe 3/3
str_rbe_tpc_bvb_be_2_2,TPC BVB Be 2/2
str_rbe_mvr_beh_2_4,MVR Beh 2/4
str_rbe_ferrocarril_de_soller_1_3,Ferrocarril de Soller 1-3
str_rbe_hitachi_choshi_deha_1000,Hitachi Choshi DeHa 1000
str_steam_slm_g_3_4,SLM G 3/4
str_steam_kisha_seizo_2_10_4t_e10,Kisha Seizo 2-10-4T E10
str_steam_h__k__porter__inc_2_6_0_7100,"H. K. Porter, Inc 2-6-0 7100"
str_steam_richard_francis_trevithick_2_4_2t_860,Richard Francis Trevithick 2-4-2T 860
str_steam_kawasaki_2_8_0_9600,Kawasaki 2-8-0 9600
str_steam_kawasaki_2_8_2_d50,Kawasaki 2-8-2 D50
str_diesel_kisha_mitsubishi_ns_df50,Kisha/Mitsubishi/NS DF50
str_electric_sig_alioth_de_2_2,SIG Alioth De 2/2
str_electric_toshiba_eh10,Toshiba EH10
str_electric_kawasaki_toshiba_ef64,Kawasaki/Toshiba EF64
str_electric_eec_eo_class,EEC EO Class
str_electric_tulloch_0_6_0dm_w_class,Tulloch 0-6-0DM 'W' Class
str_electric_gec_nblc_sar_4e_,GEC/NBLC SAR 4E
str_electric_metrowick_mv_5e1,Metrowick MV 5E1
str_electric_ucw_6e,UCW 6E
str_electric_slm_bbc_mfo_ge_4_4_i,SLM/BBC/MFO Ge 4/4 I
str_electric_slm_bbc_mfo_ge_6_6_krokodil,SLM/BBC/MFO Ge 6/6 'Krokodil'
str_electric_stadler_he_4_4,Stadler He 4/4
str_electric_ucw_50_c_s_group_7e,UCW 50 c/s Group 7E
str_electric_general_motors_gm5fc,General Motors GM5FC
str_electric_brush_ef_class,Brush EF Class
str_emu_nippon_sharyo_odakyu_3100_series_nse,Nippon Sharyo Odakyu 3100 series NSE
str_emu_nippon_sharyo_odakyu_10000_series_hise,Nippon Sharyo Odakyu 10000 series HiSE
str_emu_comeng_goninan_s_set,Comeng/Goninan S-set
str_emu_ugl_rail_h_set_oscar,UGL Rail H-set 'OSCAR'
str_emu_victorian_railways_swing_door,Victorian Railways 'Swing Door'
str_emu_ganz_mavag_em_et_dnu,Ganz-MAVAG EM/ET
str_emu_metro_cammell_5m2,Metro-Cammell 5M2
str_emu_alstom_xtrapolis_100,Alstom X'Trapolis 100
str_emu_gec_fiat_aes_railcar,GEC/Fiat AES Railcar
str_emu_ganz_mavag_yz_e,Ganz-MAVAG YZ-E
str_emu_walkers_tilt_train_ett,Walkers Tilt Train 'ETT'
str_electric_nevz_tevz_vl15,NEVZ-TEVZ VL15
str_electric_tevz_vl11,TEVZ VL11
str_electric_nevz_vl22m,NEVZ VL22M
str_electric_devz_de1,DEVZ DE1
str_electric_skoda_29e,Skoda 29E
str_electric_skoda_82e,Skoda 82E
str_electric_ge_c_c_4400_rffsa,GE C-C 4400 RFFSA
str_electric_nevz_vl85,NEVZ VL85
str_electric_devz_vl41,DEVZ VL41
str_electric_clw_wap_4,CLW WAP-4
str_electric_nevz_es40,NEVZ ES40
str_electric_zuzhou_kz4a,Zuzhou KZ4A
str_electric_alstom_kz8a,Alstom KZ8A
str_electric_trtrans_nevz_ep20,TRTrans/NEVZ EP20
str_rbd_valmet_dm7,Valmet Dm7
str_rbd_vagonka_studenka_91m0_,Vagonka Studenka 91M0
str_emu_rvr_er200,RVR ER200
str_emu_mmz_s,MMZ 'S'
str_emu_koncar_6112,Koncar 6112
str_emu_siemens_desiro_es1_lastochka,Siemens Desiro ES1 'Lastochka'
str_mtro_metro_wagon_powered,Metro Unit Wagon
str_mtro_metro_wagon_unpowered,Metro Unit Wagon
str_mu_mu_cargo_wagon_powered,Multiple Unit Cargo Wagon
str_mu_mu_cargo_wagon_unpowered,Multiple Unit Cargo Wagon
str_mu_mu_wagon_powered,Multiple Unit Wagon
str_mu_mu_wagon_unpowered,Multiple Unit Wagon
str_mu_wagon_gen1_flat_wagon,1st Gen Flat Wagon
str_mu_wagon_gen1_boxcar,1st Gen Wooden Box Van
str_mu_wagon_gen1_tanker,1st Gen Tanker
str_mu_wagon_gen1_open_wagon,1st Gen Wooden Open Wagon
str_mu_wagon_gen2_flat_wagon,2nd Gen Flat Wagon
str_mu_wagon_gen2_boxcar_type1,2nd Gen Wooden Box Van [Food]
str_mu_wagon_gen2_boxcar_type2,2nd Gen Wooden Box Van [Non-Food]
str_mu_wagon_gen2_tanker,2nd Gen Tanker
str_mu_wagon_gen2_open_wagon,2nd Gen Wooden Open Wagon
str_mu_wagon_gen2_silo,2nd Gen Silo
str_mu_wagon_gen2_hopper,2nd Gen Wooden Hopper
str_mu_wagon_gen3_flat_wagon,3rd Gen Flat Wagon
str_mu_wagon_gen3_boxcar_type1,3rd Gen Wooden Boxcar [Food]
str_mu_wagon_gen3_boxcar_type2,3rd Gen Wooden Boxcar [Non-Food]
str_mu_wagon_gen3_tanker,3rd Gen Tanker
str_mu_wagon_gen3_open_wagon,3rd Gen Open Wagon
str_mu_wagon_gen3_silo_type1,3rd Gen Silo [Food]
str_mu_wagon_gen3_silo_type2,3rd Gen Silo [Non-Food]
str_mu_wagon_gen3_hopper,3rd Gen Hopper
str_mu_wagon_gen4_flatcar,4th Gen Flatcar
str_mu_wagon_gen4_heavy_flatcar,4th Gen Heavy Flatcar
str_mu_wagon_gen4_boxcar_type1,4th Gen Boxcar [Food]
str_mu_wagon_gen4_boxcar_type2,4th Gen Boxcar [Non-Food]
str_mu_wagon_gen4_tanker,4th Gen Tanker
str_mu_wagon_gen4_gondola,4th Gen Gondola
str_mu_wagon_gen4_silo_type1,4th Gen Silo [Food]
str_mu_wagon_gen4_silo_type2,4th Gen Silo [Non-Food]
str_mu_wagon_gen4_hopper_type1,4th Gen Self-discharging Hopper [Food]
str_mu_wagon_gen4_hopper_type2,4th Gen Self-discharging Hopper [Non-Food]
str_mu_wagon_gen4_car_transporter,4th Gen Car Transporter
str_mu_wagon_gen4_container_carrier,4th Gen Container Carrier
str_mu_wagon_gen4_centerbeam,4th Gen Centerbeam Flatcar
str_mu_wagon_gen5_flatcar,5th Gen Flatcar
str_mu_wagon_gen5_heavy_flatcar,5th Gen Heavy Flatcar
str_mu_wagon_gen5_boxcar_type1,5th Gen Boxcar [Food]
str_mu_wagon_gen5_boxcar_type2,5th Gen Boxcar [Non-Food]
str_mu_wagon_gen5_tanker,5th Gen Tanker
str_mu_wagon_gen5_gondola,5th Gen Gondola
str_mu_wagon_gen5_silo_type1,5th Gen Silo [Food]
str_mu_wagon_gen5_silo_type2,5th Gen Silo [Non-Food]
str_mu_wagon_gen5_hopper_type1,5th Gen Self-discharging Hopper [Food]
str_mu_wagon_gen5_hopper_type2,5th Gen Self-discharging Hopper [Non-Food]
str_mu_wagon_gen5_car_transporter,5th Gen Car Transporter
str_mu_wagon_gen5_container_carrier,5th Gen Container Carrier
str_mu_wagon_gen5_centerbeam,5th Gen Centerbeam Flatcar
str_mu_wagon_gen5_container_doublestack,5th Gen Container Doublestack
str_mu_wagon_gen5_superheavy_flatcar,5th Gen Superheavy Flatcar
str_mu_wagon_gen6_flatcar,6th Gen Flatcar
str_mu_wagon_gen6_heavy_flatcar,6th Gen Heavy Flatcar
str_mu_wagon_gen6_boxcar_type1,6th Gen Boxcar [Food]
str_mu_wagon_gen6_boxcar_type2,6th Gen Boxcar [Non-Food]
str_mu_wagon_gen6_tanker,6th Gen Tanker
str_mu_wagon_gen6_gondola,6th Gen Gondola
str_mu_wagon_gen6_silo_type1,6th Gen Silo [Food]
str_mu_wagon_gen6_silo_type2,6th Gen Silo [Non-Food]
str_mu_wagon_gen6_hopper_type1,6th Gen Self-discharging Hopper [Food]
str_mu_wagon_gen6_hopper_type2,6th Gen Self-discharging Hopper [Non-Food]
str_mu_wagon_gen6_car_transporter,6th Gen Car Transporter
str_mu_wagon_gen6_container_carrier,6th Gen Container Carrier
str_mu_wagon_gen6_centerbeam,6th Gen Centerbeam Flatcar
str_mu_wagon_gen6_container_doublestack,6th Gen Container Doublestack
str_mu_wagon_gen6_superheavy_flatcar,6th Gen Superheavy Flatcar
str_mu_wagon_service_car_type1,Service Car Type 1
str_mu_wagon_service_car_type2,Service Car Type 2
str_mu_coach_gen1_wooden_2_axle_compartment_coach,Wooden 2-axle Compartment Coach
str_mu_coach_gen1_wooden_2_axle_regional_coach,Wooden 2-axle Regional Coach
str_mu_coach_gen1_wooden_2_axle_mail_coach,Wooden 2-axle Mail Coach
str_mu_coach_gen1_clerestory_compartment_coach,Clerestory Compartment Coach
str_mu_coach_gen1_clerestory_regional_coach,Clerestory Regional Coach
str_mu_coach_gen1_clerestory_mail_coach,Clerestory Mail Coach
str_mu_coach_gen1_wooden_3_axle_compartment_coach,Wooden 3-axle Compartment Coach
str_mu_coach_gen1_wooden_3_axle_regional_coach,Wooden 3-axle Regional Coach
str_mu_coach_gen1_wooden_3_axle_mail_coach,Wooden 3-axle Mail Coach
str_mu_coach_gen2_heavyweight_intercity_coach,Heavyweight Intercity Coach
str_mu_coach_gen2_heavyweight_mail_coach,Heavyweight Mail Coach
str_mu_coach_gen2_steel_intercity_coach,Steel Intercity Coach
str_mu_coach_gen2_steel_compartment_coach,Steel Compartment Coach
str_mu_coach_gen2_steel_regional_coach,Steel Regional Coach
str_mu_coach_gen2_steel_mail_coach,Steel Mail Coach
str_mu_coach_gen2_steel_2_axle_compartment_coach,Steel 2-axle Compartment Coach
str_mu_coach_gen2_steel_2_axle_regional_coach,Steel 2-axle Regional Coach
str_mu_coach_gen2_steel_2_axle_mail_coach,Steel 2-axle Mail Coach
str_mu_coach_gen2_steel_3_axle_compartment_coach,Steel 3-axle Compartment Coach
str_mu_coach_gen2_steel_3_axle_regional_coach,Steel 3-axle Regional Coach
str_mu_coach_gen2_steel_3_axle_mail_coach,Steel 3-axle Mail Coach
str_mu_coach_gen3_steel_lightweight_intercity_coach,Steel Lightweight Intercity Coach
str_mu_coach_gen3_steel_lightweight_regional_coach,Steel Lightweight Regional Coach
str_mu_coach_gen3_steel_lightweight_mail_coach,Steel Lightweight Mail Coach
str_mu_coach_gen3_aluminium_lightweight_intercity_coach,Aluminium Lightweight Intercity Coach
str_mu_coach_gen3_aluminium_lightweight_regional_coach,Aluminium Lightweight Regional Coach
str_mu_coach_gen3_aluminium_lightweight_mail_coach,Aluminium Lightweight Mail Coach
str_mu_coach_gen3_gallery_car,Gallery Car
str_mu_coach_gen3_mk1_intercity_coach,Mk1 Intercity Coach
str_mu_coach_gen3_mk1_regional_coach,Mk1 Regional Coach
str_mu_coach_gen3_mk1_mail_coach,Mk1 Mail Coach
str_mu_coach_gen3_uic_x_intercity_coach,UIC-X Intercity Coach
str_mu_coach_gen3_tee_intercity_coach,TEE Intercity Coach
str_mu_coach_gen3_uic_x_regional_coach,UIC-X Regional Coach
str_mu_coach_gen3_umbauwagen_local_coach,'Umbauwagen' Local Coach
str_mu_coach_gen3_doppelstockwagen_local_coach,'Doppelstockwagen' Local Coach
str_mu_coach_gen3_uic_x_mail_coach,UIC-X Mail Coach
str_mu_coach_gen3_indian_intercity_coach,Indian Intercity Coach
str_mu_coach_gen3_indian_local_coach,Indian Local Coach
str_mu_coach_gen3_indian_regional_coach,Indian Regional Coach
str_mu_coach_gen3_indian_mail_coach,Indian Mail Coach
str_mu_coach_gen4_eurofima_intercity_coach,Eurofima Coach
str_mu_coach_gen4_interregio_coach,InterRegio Coach
str_mu_coach_gen4_silberling_commuter_coach,'Silberling' Commuter Coach
str_mu_coach_gen4_eurofima_mail_coach,Eurofima Mail Coach
str_mu_coach_gen4_double_decker_coach,Double Decker Coach
str_mu_coach_gen4_russian_intercity_coach,Russian Intercity Sleeper Coach
str_mu_coach_gen4_russian_regional_coach,Russian Regional Coach
str_mu_coach_gen4_russian_mail_coach,Russian Mail Coach
str_mu_coach_gen4_superliner_coach,Superliner Coach
str_mu_coach_gen4_superliner_california,Superliner California
str_mu_coach_gen4_amfleet_regional_coach,Amfleet Regional Coach
str_mu_coach_gen4_amfleet_intercity_coach,Amfleet Intercity Coach
str_mu_coach_gen4_comet_commuter_coach,Comet Commuter Coach
str_mu_coach_gen4_horizon_regional_coach,Horizon Regional Coach
str_mu_coach_gen4_horizon_baggage_coach,Horizon Baggage Coach
str_mu_coach_gen4_bombardier_bi_level,Bombardier Bi-level
str_mu_coach_gen5_high_speed_coach,High Speed Coach
str_mu_coach_gen5_modern_regional_coach,Modern Regional Coach
str_mu_coach_gen5_modern_commuter_coach,Modern Commuter Coach
str_mu_coach_gen5_modern_double_decker_coach,Modern Double Decker Coach
str_mu_coach_gen5_high_speed_double_decker_ic2000,High Speed Double Decker
str_mu_coach_gen5_high_speed_mail_coach,High Speed Mail Coach
str_mu_coach_gen5_talgo_pendular,Talgo Pendular
str_mu_coach_gen5_talgo_pendular_mail,Talgo Pendular Mail
str_mu_coach_gen6_grand_voyager_coach,Grand Voyager Coach
str_mu_coach_gen6_grand_regio_coach,Grand Regio Coach
str_mu_coach_gen6_metropolis_coach,Metropolis Coach
str_mu_coach_gen6_speedmail_coach,Speedmail Coach
str_mu_coach_gen6_super_regio_coach,Super Regio Coach
str_mu_coach_gen6_super_voyager_coach,Super Voyager Coach
str_diesel_alsthom_ad30b,Alsthom AD30B
str_steam_porter_2_8_2_class_200_katanga_mikado,Porter 2-8-2 Class 200 'Katanga Mikado'
str_cargoemu_kawasaki_nippon_sharyo_toshiba_m250,Kawasaki/Nippon Sharyo/Toshiba M250
str_rbs_esslingen_man_hohenzollern_thomas,Esslingen/MAN/Hohenzollern 'Thomas'
str_rbs_komarek_nolb_30_33,Komarek NOLB 30-33
str_steam_henschel_4_4_2_19906,Henschel 4-4-2 19906
str_steam_haine_saint_pierre_2_6_0_0_6_2t_golwe,Haine-Saint-Pierre 2-6-0+0-6-2T 'Golwe'
str_diesel_henschel_emd_tt12,Henschel EMD TT12
str_diesel_henschel_ge_g16,Henschel GE G16
str_electric_acec_bn_type_2450,ACEC/BN Type 2450
str_diesel_alsthom_bb_bb_300,Alsthom BB-BB 300
str_diesel_sorefame_de8,Sorefame DE8
str_diesel_gmd_gt22lc_2,GMD GT22LC-2
str_electric_trc_e6800,TRC E6800
str_mtro_brooklyn_union_gate_elevated,Brooklyn Union Gate Elevated
str_mu_coach_gen5_citynightline_sleeper,'CityNightLine' Sleeper
str_mu_coach_gen4_trans_euro_night_sleeper,'Trans Euro Night' Sleeper
str_mu_wagon_gen1_livestock_van,1st Gen Livestock Van
str_mu_wagon_gen2_livestock_van,2nd Gen Livestock Van
str_mu_wagon_gen3_livestock_van,3rd Gen Livestock Van
str_mu_wagon_gen4_livestock_van,4th Gen Livestock Van
str_mu_wagon_gen5_livestock_van,5th Gen Livestock Van
str_mu_wagon_gen6_livestock_van,6th Gen Livestock Van
str_mglv_wagon_gen7m_livestock_van,7th Gen Livestock Van
str_electric_ganz_mavag_vm15_v63,Ganz-MAVAG VM15 'V63'
str_mtro_brel_abb_london_1992_stock,BREL/ABB London 1992 Stock
str_mtro_bombardier_movia_london_s_stock,Bombardier Movia London S Stock
str_mtro_metro_cammell_london_1972_stock,Metro-Cammell London 1972 Stock
str_mtro_metro_cammell_london_1959_stock,Metro-Cammell London 1959 Stock
str_mtro_kawasaki_hi_c151,Kawasaki HI C151
str_mtro_kawasaki_hi___nippon_sharyo_c751b,Kawasaki HI & Nippon Sharyo C751B
str_mtro_comeng_light_metro_prototype,Comeng Light Metro Prototype
str_emu_comeng_emu,Comeng EMU
str_emu_evolution_rail_hcmt_munnel,Evolution Rail HCMT Munnel
str_diesel_ltz_dr_130,LTZ DR 130
str_diesel_ge_ac6044cw,GE AC6044CW
str_diesel_ge_ac6000cw_bhp_6071,GE AC6000CW BHP 6071
str_steam_robert_stephenson_and_co_2_2_2_192,Robert Stephenson and Co 2-2-2 192
str_emu_comeng_mk_hitachi_trains,Comeng/MK Hitachi Trains
str_emu_grc_w_harris_trains,GRC&W Harris Trains
str_emu_siemens_nexas,Siemens Nexas
str_emu_victorian_railways_tait_trains,Victorian Railways Tait Trains
str_mtro_abb_henschel_berlin_bvg_f74,ABB Henschel Berlin BVG F74
str_mtro_adtranz_berlin_bvg_h,Adtranz Berlin BVG H
str_steam_lb_scr_brw_0_6_0t_a1,LB&SCR BRW 0-6-0T 'A1'
str_steam_bp_4_6_4t_4444_4478_c30,BP 4-6-4T 4444-4478 'C30'
str_steam_bp_baldwin_clyde_4_6_0_c32,BP/Baldwin/Clyde 4-6-0 'C32'
str_steam_bp_nblc_2_8_0_d50,BP/NBLC 2-8-0 'D50'
str_steam_bp_dubs_4_4_0_z12,BP/Dubs 4-4-0 'Z12'
str_steam_bp_0_6_0_z19,BP 0-6-0 'Z19'
str_steam_dubs_2_6_2st_z26,Dubs 2-6-2ST 'Z26'
str_steam_gcr_kitson_nblc_rod_2_8_0_8k,GCR/Kitson/NBLC ROD 2-8-0 '8K'
str_steam_alco_4_6_2_sar_600,ALCO 4-6-2 SAR 600
str_steam_bp_2_8_2t_south_maitland_10,BP 2-8-2T South Maitland 10
str_steam_victorian_railways_h,Victorian Railways H
str_diesel_bth_41_class,BTH 41 Class
str_diesel_alco_ae_goodwin_dl531_532,ALCO/AE Goodwin DL531/532
str_diesel_alco_ae_goodwin_dl500,ALCO/AE Goodwin DL500
str_diesel_emd_clyde_a16c,EMD/Clyde A16C
str_diesel_emd_clyde_aat22c_2r,EMD/Clyde AAT22C-2R
str_diesel_emd_clyde_a7,EMD/Clyde A7
str_diesel_emd_clyde_at42c_,EMD/Clyde AT42C
str_electric_clyde_asea_cf48,Clyde-ASEA CF48
str_diesel_emd_gt46cwm,EMD GT46CWM
str_diesel_clyde_emd_gt46cw_nr_concept,Clyde-EMD GT46CW NR Concept
str_diesel_clyde_je28c_ptc_73_class_concept,Clyde JE28C PTC 73 Class Concept
str_diesel_emd_clyde_jt22hc_2,EMD/Clyde JT22HC-2
str_diesel_emd_clyde_jt26c_2ss_nsw_81,EMD/Clyde JT26C-2SS NSW 81
str_diesel_emd_clyde_jt26c_2ss_v_line_g,EMD/Clyde JT26C-2SS V-line G
str_diesel_emd_clyde_jt42c_nsw82,EMD/Clyde JT42C
str_diesel_emd_jt42c_90_1277,EMD JT42C 90-1277
str_diesel_emd_clyde_jt42c,EMD/Clyde JT42C
str_diesel_emd_clyde_ml2,EMD/Clyde ML2
str_diesel_emd_clyde_g16c_x1,EMD/Clyde G16C X1
str_diesel_emd_clyde_g26c_x2,EMD/Clyde G26C X2
str_diesel_emd_clyde_g26c_x3,EMD/Clyde G26C X3
str_diesel_alco_comeng_ce615a,ALCO/Comeng CE615A
str_electric_comeng_class_85,Comeng Class 85
str_electric_comeng_maldon_dombarton_8650,Comeng Maldon-Dombarton '8650'
str_diesel_emd_nohab_j30c_2dsb_mz_iii,EMD/NOHAB J30C-2DSB MZ III
str_diesel_emd_clyde_at26c_twin_16_645,EMD/Clyde AT26C 'Twin 16-645'
str_diesel_emd_clyde_gl26c_2,EMD/Clyde GL26C-2
str_diesel_eec_a_249_,EEC A.249
str_diesel_eec_a_253,EEC A.253
str_diesel_ge_u26c,GE U26C
str_electric_metrowick_bp_786,Metrowick/BP 786
str_diesel_alco_rsc_3_77732,ALCO RSC-3 77732
str_diesel_emd_clyde_g8c,EMD/Clyde G8C
str_diesel_emd_clyde_g12,EMD/Clyde G12
str_diesel_emd_clyde_g8,EMD/Clyde G8
str_diesel_goninan_47_class,Goninan 47 Class
str_steam_william_fairbairn_2_2_2_baroneza,William Fairbairn 2-2-2 'Baroneza'
str_steam_hunslet_0_4_0st_la_portena,Hunslet 0-4-0ST 'La Portena'
str_steam_burnham_2_10_0_dom_pedro_segundo_119,Burnham 2-10-0 'Dom Pedro Segundo 119'
str_steam_baldwin_0_22c_no8_monsefu,Baldwin 0-22C No8 'Monsefu'
str_steam_fccp_q_class,FCCP Q Class
str_steam_nblc_4_6_2_ps10_class,NBLC 4-6-2 PS10 Class
str_steam_yorkshire_engine_co__4_8_4t_nitrate_101,Yorkshire Engine Co. 4-8-4T 'Nitrate 101'
str_electric_slm_bbc_1_d_1,SLM-BBC 1-D-1
str_electric_ge_2_c_c_2,GE 2-C+C-2
str_steam_norris___brothers_4_4_0_la_copiapo,Norris & Brothers 4-4-0 'La Copiapo'
str_electric_aeg_a1a_a1a,AEG A1A+A1A
str_dmu_ganz_arpad_bariloche_dmu,Ganz 'Arpad' Bariloche DMU
str_steam_avonside_0_6_0st_sao_paulo_no__13___14,Avonside 0-6-0ST Sao Paulo No. 13 - 14
str_dmu_ganz_arpad_cmu_4701_transandino,Ganz 'Arpad' CMU 4701 Transandino
str_emu_kawasaki_hitachi_aez_railcar,Kawasaki/Hitachi AEZ Railcar
str_emu_brel_gec_auckland_art_concept,BREL GEC Auckland ART Concept
str_dmu_comeng_1100_railcar,Comeng 1100 Railcar
str_dmu_thai_comeng_xpt_concept,Thai Comeng XPT Concept
str_dmu_comeng_nsw_xpt,Comeng NSW XPT
str_emu_tangara_v_set_hybrid_concept,Tangara V-Set Hybrid Concept
str_dmu_nswgr_800_900_deb,NSWGR 800/900 'DEB'
str_emu_goninan_tangara_4d_prototype,Goninan Tangara 4D Prototype
str_emu_goninan_tangara_t_set,Goninan Tangara T-Set
str_dmu_nswgr_600_700,NSWGR 600/700
str_dmu_kawasaki_rm_silver_fern,Kawasaki RM 'Silver Fern'
str_emu_comeng_w_class_sputnik,Comeng W Class 'Sputnik'
str_emu_leeds_clyde_standard_emu,Leeds/Clyde 'Standard' EMU
str_emu_nswgr_tulloch_emu,NSWGR 'Tulloch' EMU
str_emu_alstom_xtrapolis_100_melbourne,Alstom X'Trapolis 100 Melbourne
str_mu_coach_gen1_american_style_nzaus_coach,Early American End-Platform Coach
str_mu_coach_gen1_american_style_nzaus_mail_coach,Early American End-Platform Mail Coach
str_mu_coach_gen1_2_axle_nzaus_coach,Early 2-axle Compartment Coach
str_mu_coach_gen1_2_axle_nzaus_mail_coach,Early 2-axle Mail Coach
str_mu_coach_gen1_end_platform_2_axle_nzaus_coach,Early 2-axle End-Platform Coach
str_mu_coach_gen1_suburban_2_axle_nzaus_coach,Early 2-axle Suburban Coach
str_mu_coach_gen4_brel_mk3_coach,BREL Mk3 Coach
str_mu_coach_gen4_brel_mk3_mail_coach,BREL Mk3 Mail Coach
str_mu_coach_gen4_comeng_suburban_double_deck_sa2000,Comeng SA2000 SDD Concept
str_mu_coach_gen4_gonian_4d_concept,Melbourne/Gonian 4D Coach Concept
str_mu_coach_gen4_gonian_tangara_concept,Tangara V-Set Hybrid Coach Concept
str_mu_coach_gen3_hitachi_nippon_sharyo_silver_star_coach,NZR Silver Star Coach
str_mu_coach_gen3_hitachi_nippon_sharyo_silver_star_mail_coach,NZR Silver Star Mail Coach
str_mu_coach_gen3_comeng_high_speed_coach,Comeng High Speed Coach
str_mu_coach_gen3_comeng_high_speed_mail_coach,Comeng High Speed Mail Coach
str_mu_coach_gen4_comeng_htype_suburban_coach,Comeng-M&K H-Type Suburban Coach
str_mu_coach_gen3_nsw_tulloch_rub_stock_coach,NSWGR 'Tulloch' RUB Coach
str_mu_coach_gen3_nsw_tulloch_rub_stock_mail_coach,NSWGR 'Tulloch' RUB Mail Coach
str_mu_coach_gen3_wagr_ay_suburban_coach,WAGR AY Suburban Coaches
str_mu_coach_gen3_nzr_56ft_coach,NZR 56ft Coach
str_mu_coach_gen3_nzr_56ft_mail_coach,NZR 56ft Mail Coach
str_mu_coach_gen2_nzr_50ft_coach,NZR 50ft Coach
str_mu_coach_gen2_nzr_50ft_mail_coach,NZR 50ft Mail Coach
str_mu_coach_gen1_nsw_ka_tram_car,KA Type Tram Car
str_electric_comeng_86_class,Comeng 86 Class
str_emu_ganz_mavag_em_et,Ganz-MAVAG EM/ET
str_emu_eec_dm_emu,EEC DM EMU
str_emu_hyundai_rotem__mitsui_matangi,Hyundai Rotem/ Mitsui 'Matangi'
str_mtro_ganz_hunslet_budapest_g2,Ganz Hunslet Budapest G2
str_diesel_brc_w_nsu_class,BRC&W NSU Class
str_emu_itochu_kinki_kawasaki_sp1900,Itochu/Kinki/Kawasaki SP1900
str_electric_alstom_crrc_datong_hxd2,Alstom/CRRC Datong HXD2
str_diesel_crrc_qishuyan_df11,CRRC Qishuyan DF11
str_electric_zhuzhou_ss8,Zhuzhou SS8
str_electric_alstom_crrc_datong_hxd2b,Alstom/CRRC Datong HXD2B
str_electric_crrc_dalian_hxd3d,CRRC Dalian HXD3D
str_diesel_crrc_dalian_df4,CRRC Dalian DF4
str_diesel_tangshan_dalian_sifang_df5,Tangshan/Dalian/Sifang DF5
str_steam_dalian_2_8_2_js_class,Dalian 2-8-2 JS Class
str_steam_csr_sifang_4_6_2_rm,CSR Sifang 4-6-2 RM
str_rbd_mav_ikarus_260,MAV Ikarus 260
str_diesel_ge_es43aci,GE ES43ACi
str_diesel_emd_gp40,EMD GP40
str_diesel_emd_sd70,EMD SD70
str_diesel_ge_c30_7_dash_7,GE C30-7 'Dash 7'
str_diesel_ge_c40_8_dash_8,GE C40-8 'Dash-8'
str_diesel_ge_c44_9w_dash_9,GE C44-9W 'Dash 9'
str_diesel_emd_gp40_dnu,EMD GP40
str_steam_kitson_2_2_2_3166_3171,Kitson 2-2-2 3166-3171
str_steam_burnham_2_6_0_15857_15871,Burnham 2-6-0 15857-15871
str_steam_sa_franco_belge_0_6_0_class_4,SA Franco-Belge 0-6-0 'Class 4'
str_mglv_acme_corp__pegasus,ACME Corp. Pegasus
str_mmu_acme_corp__chimaera,ACME Corp. Chimaera
str_mglv_coach_gen7m_chimaera_passenger_coach,ACME Corp. Chimaera Passenger Coach
str_mglv_coach_gen7m_chimaera_mail_coach,ACME Corp. Chimaera Mail Coach
str_steam_sharp_bp_0_6_0_bdz_142_150,Sharp/BP 0-6-0 BDZ 142-150
str_steam_mavag_4_4_2_class_203,MAVAG 4-4-2 Class 203
str_steam_mavag_2_6_6_0_class_601,MAVAG 2-6-6-0 Class 601
str_electric_ganz_mavag_vm7_v40,Ganz-MAVAG VM7 'V40'
str_diesel_pesa_111d,PESA 111D
str_steam_stephenson_bp_2_2_2_lvci_class_1,Stephenson/BP 2-2-2 LVCI Class 1
str_steam_babcock_4_6_2_2_6_4t_462,Babcock 4-6-2+2-6-4T '462'
str_steam_koechlin_0_6_0_030,Koechlin 0-6-0 '030'
str_steam_hanomag_alco_4_8_0_240,Hanomag/ALCO 4-8-0 '240'
str_emu_crrc_sifang_sfb_500,CRRC Sifang SFB-500
str_diesel_emc_e3,EMC E3
str_diesel_emd_ft,EMD FT
str_diesel_ltz_te109,LTZ TE109
str_emu_hitachi_kawasaki_shinkansen_series_100,Hitachi/Kawasaki Shinkansen Series 100
str_diesel_krauss_maffei_ml_2200,Krauss-Maffei ML 2200
str_dmu_ganz_hargita_m440,Ganz 'Hargita' M440
str_electric_ssw_krauss_e44,SSW/Krauss E44
str_electric_pesa_111ms,PESA 111MS
str_electric_kolomna_vl19,Kolomna VL19
str_electric_aeg_krupp_e18,AEG/Krupp E18
str_emu_hitachi_alstom_zefiro_class_895_hs2,Hitachi-Alstom Zefiro Class 895 'HS2'
str_diesel_emd_jt22cw,EMD JT22CW
str_dmu_rvr_dr1a,RVR DR1A
str_electric_acme_corp__hs001,ACME Corp. HS001
str_electric_acme_corp__hs002,ACME Corp. HS002
str_dmu_acme_corp__v200d_dmu,ACME Corp. V200D DMU
str_emu_acme_corp__v200e_emu,ACME Corp. V200E EMU
str_cargoemu_acme_corp__dd_cargoemu,ACME Corp. DD CargoEMU
str_diesel_veb_lkm_v180,VEB LKM V180
str_emu_pesa_43we_dart,PESA 43WE 'DART'
str_electric_lew_el2,LEW EL2
str_electric_pafawag_201e,Pafawag 201E
str_diesel_nohab_aa16,NOHAB AA16
str_diesel_lew_v100,LEW V100
str_diesel_fablok_6d,Fablok 6D
str_diesel_hcp_301d,HCP 301D
str_dmu_stadler_flirt_powerpack_dmu,Stadler 'Flirt' PowerPack DMU
str_cargoemu_jnr_container_bullet_train_concept,JNR Container Bullet Train Concept
str_electric_hitachi_wag_6b_c,Hitachi WAG-6B/C
str_electric_toshiba_10e,Toshiba 10E
str_electric_gec_9e,GEC 9E
str_electric_hitachi_e1100,Hitachi E1100
str_electric_rdso_clw_wam_4,RDSO/CLW WAM-4
str_electric_groupement_50_hz_wam_1,Groupement 50 Hz WAM 1
str_diesel_baldwin_lima_hamilton_rf_615_e,Baldwin-Lima-Hamilton RF-615-E
str_diesel_ee_dick__kerr___co_vulcan_foundry_de2,"EE/Dick, Kerr & Co/Vulcan Foundry DE2"
str_electric_ingeteam_td2000_series,Ingeteam TD2000 series
