##grflangid 0x02,
##plural 0,
##gender m w n p,
,
,
STR_GRF_NAME,{TITLE}
STR_GRF_DESCRIPTION,
STR_GRF_URL,https://github.com/nemethviktor/2ccts_revival
,
,
STR_USED_WITH_DYNAMIC_ENGINES,
STR_ERROR_REGION,"Es wurden keine Regionen aktiviert, {STRING} wurde deaktiviert."
,
,
STR_PARAM_PURCHASE_COST,Multiplikator für Anschaffungskosten
STR_PARAM_PURCHASE_COST_DESC,"Du kannst diesen Parameter benutzen, um die Anschaffungskosten der Fahrzeuge dieses Sets zu erhöhen oder zu verringern."
STR_PARAM_RUNNING_COST,Multiplikator für Betriebskosten
STR_PARAM_RUNNING_COST_DESC,"Du kannst diesen Parameter benutzen, um die Betriebskosten der Fahrzeuge dieses Sets zu erhöhen oder zu verringern."
,
STR_WORD_NORMAL,standard
,
STR_SUFFIX_STEAMENGINE,
STR_SUFFIX_DIESELENGINE,
STR_SUFFIX_ELECTRICENGINE,
STR_SUFFIX_MAGLEVENGINE,
,
STR_SUFFIX_STEAMRAILBUS,Dampf-Schienenbus
STR_SUFFIX_DIESELRAILBUS,Diesel-Schienenbus
STR_SUFFIX_ELECTRICRAILBUS,
STR_SUFFIX_METRORAILBUS,
STR_SUFFIX_MAGLEVRAILBUS,
,
STR_SUFFIX_DMU,
STR_SUFFIX_EMU,
STR_SUFFIX_MAGLEVMU,
STR_SUFFIX_COACH,
STR_SUFFIX_WAGON,
STR_SUFFIX_METRO,U-Bahn
,
STR_SUFFIX_UNPOWERED,nicht angetrieben
STR_SUFFIX_POWERED,angetrieben
,
STR_SUFFIX_STEAM,Dampf
STR_SUFFIX_DIESEL,
STR_SUFFIX_ELECTRIC,Elektrisch
STR_SUFFIX_MAGLEV,
STR_SUFFIX_GAS_TURBINE,
,
STR_SUFFIX_1500V,
STR_SUFFIX_3KV,
STR_SUFFIX_15KV,
STR_SUFFIX_25KV,
STR_SUFFIX_OHLE,
STR_SUFFIX_3RD,
STR_SUFFIX_4TH,
STR_SUFFIX_DUAL,
,
,
STR_UNIT_WAGON_PASSENGER,
STR_UNIT_WAGON_CARGO,
,
STR_CANNOT_ATTACH_WAGON_TO_MU,
STR_CANNOT_ATTACH_WAGON_TO_UNIT_WAGON,
STR_CANNOT_ATTACH_UNIT_WAGON_TO_ENGINE,
STR_CANNOT_ATTACH_UNIT_WAGON_TO_WAGON,
STR_CANNOT_ATTACH_UNIT_WAGON_CARGO_TO_PASSENGER,
STR_CANNOT_ATTACH_UNIT_WAGON_PASSENGER_TO_CARGO,
,
STR_PARAM_CONCEPT,"Konzeptfahrzeuge (zukünftige Funktion, gegenwärtig nicht vorhanden)"
STR_PARAM_CONCEPT_DESC,Benutze Konzeptfahrzeuge (dieser Parameter ist gegenwärtig funktionslos)
STR_PARAM_REGION_AFRICA,Afrika
STR_PARAM_REGION_AFRICA_DESC,Benutze die Fahrzeuge aus Afrika.
STR_PARAM_REGION_NORTH_AMERICA,Nordamerika
STR_PARAM_REGION_NORTH_AMERICA_DESC,Benutze die Fahrzeuge aus Nordamerika.
STR_PARAM_REGION_SOUTH_AMERICA,Südamerika
STR_PARAM_REGION_SOUTH_AMERICA_DESC,Benutze die Fahrzeuge aus Südamerika
STR_PARAM_REGION_ASIA,Asien
STR_PARAM_REGION_ASIA_DESC,Benutze die Fahrzeuge aus Asien.
STR_PARAM_REGION_NORTHERN_EUROPE,Nordeuropa
STR_PARAM_REGION_NORTHERN_EUROPE_DESC,Benutze die Fahrzeuge aus Nordeuropa
STR_PARAM_REGION_EASTERN_EUROPE,Osteuropa
STR_PARAM_REGION_EASTERN_EUROPE_DESC,Benutze die Fahrzeuge aus Osteuropa
STR_PARAM_REGION_SOUTHERN_EUROPE,Südeuropa
STR_PARAM_REGION_SOUTHERN_EUROPE_DESC,Benutze die Fahrzeuge aus Südeuropa
STR_PARAM_REGION_WESTERN_EUROPE,Westeuropa
STR_PARAM_REGION_WESTERN_EUROPE_DESC,Benutze die Fahrzeuge aus Westeuropa
STR_PARAM_REGION_OCEANIA,Ozeanien
STR_PARAM_REGION_OCEANIA_DESC,Benutze die Fahrzeuge aus Ozeanien
,
,
STR_PARAM_LOADINGSPEED,
STR_PARAM_LOADINGSPEED_DESC,
STR_PARAM_LOADINGSPEED_SLOW,
STR_PARAM_LOADINGSPEED_NORMAL,
STR_PARAM_LOADINGSPEED_FAST,
STR_PARAM_LOADINGSPEED_ULTRA,
,
STR_CLASS_FLAG,
STR_CLASS_ROLE,
STR_CLASS_OPERATOR,
STR_CLASS_PROPULSION,
STR_CLASS_LIVERY,
STR_CLASS_REGION,
STR_CLASS_ZONE,
,
,
STR_ROLE_PASSENGER,
STR_ROLE_FREIGHT,
STR_ROLE_MIXED,
STR_ROLE_EXPRESS_PASSENGER,
STR_ROLE_EXPRESS_FREIGHT,
STR_ROLE_HEAVY_FREIGHT,
STR_ROLE_LIGHT_FREIGHT,
STR_ROLE_MAIL,
STR_ROLE_RESTAURANT_CAR,
STR_ROLE_SHUNTING,
STR_ROLE_BANKING,
STR_ROLE_SNOWPLOUGH,
STR_ROLE_UTILITY,
STR_ROLE_PROTOTYPE,
,
STR_REGION,
STR_REGION_AMERICA,
STR_REGION_AMERICA_NORTHERN,
STR_REGION_AMERICA_CENTRAL,
STR_REGION_AMERICA_SOUTH,
STR_REGION_AMERICA_CARIBBEAN,
STR_REGION_EUROPE,
STR_REGION_EUROPE_NORTHERN,
STR_REGION_EUROPE_WESTERN,
STR_REGION_EUROPE_SOUTHERN,
STR_REGION_EUROPE_EASTERN,
STR_REGION_AFRICA,
STR_REGION_AFRICA_NORTHERN,
STR_REGION_AFRICA_WESTERN,
STR_REGION_AFRICA_MIDDLE,
STR_REGION_AFRICA_EASTERN,
STR_REGION_AFRICA_SOUTHERN,
STR_REGION_ASIA,
STR_REGION_ASIA_WESTERN,
STR_REGION_ASIA_CENTRAL,
STR_REGION_ASIA_EASTERN,
STR_REGION_ASIA_SOUTHERN,
STR_REGION_ASIA_SOUTHEASTERN,
STR_REGION_OCEANIA,
STR_REGION_OCEANIA_MICRONESIA,
STR_REGION_OCEANIA_MELANESIA,
STR_REGION_OCEANIA_POLYNESIA,
STR_REGION_OCEANIA_AUSTRALIA_AND_NEW_ZEALAND,
,
,
STR_ZONE_RESIDENTIAL,
STR_ZONE_RESIDENTIAL_LOW_DENSITY,
STR_ZONE_RESIDENTIAL_MEDIUM_DENSITY,
STR_ZONE_RESIDENTIAL_HIGH_DENSITY,
STR_ZONE_COMMERCIAL,
STR_ZONE_COMMERCIAL_LOW_DENSITY,
STR_ZONE_COMMERCIAL_MEDIUM_DENSITY,
STR_ZONE_COMMERCIAL_HIGH_DENSITY,
STR_ZONE_INDUSTRIAL,
STR_ZONE_INDUSTRIAL_LOW_DENSITY,
STR_ZONE_INDUSTRIAL_MEDIUM_DENSITY,
STR_ZONE_INDUSTRIAL_HIGH_DENSITY,
STR_ZONE_MIXED,
STR_ZONE_MIXED_LOW_DENSITY,
STR_ZONE_MIXED_MEDIUM_DENSITY,
STR_ZONE_MIXED_HIGH_DENSITY,
STR_ZONE_AGRICULTURAL,
STR_ZONE_FORESTRY,
STR_ZONE_PUBLIC,
STR_ZONE_TRANSPORT,
STR_ZONE_GENERAL,
STR_ZONE_LEISURE,
STR_ZONE_OTHER,
,
,
STR_FLAG,
STR_FLAG_AD,
STR_FLAG_AE,
STR_FLAG_AF,
STR_FLAG_AG,
STR_FLAG_AI,
STR_FLAG_AL,
STR_FLAG_AM,
STR_FLAG_AO,
STR_FLAG_AQ,
STR_FLAG_AR,
STR_FLAG_AS,
STR_FLAG_AT,
STR_FLAG_AU,
STR_FLAG_AW,
STR_FLAG_AX,
STR_FLAG_AZ,
STR_FLAG_BA,
STR_FLAG_BB,
STR_FLAG_BD,
STR_FLAG_BE,
STR_FLAG_BF,
STR_FLAG_BG,
STR_FLAG_BH,
STR_FLAG_BI,
STR_FLAG_BJ,
STR_FLAG_BL,
STR_FLAG_BM,
STR_FLAG_BN,
STR_FLAG_BO,
STR_FLAG_BQ,
STR_FLAG_BR,
STR_FLAG_BS,
STR_FLAG_BT,
STR_FLAG_BV,
STR_FLAG_BW,
STR_FLAG_BY,
STR_FLAG_BZ,
STR_FLAG_CA,
STR_FLAG_CC,
STR_FLAG_CD,
,
STR_FLAG_CF,
STR_FLAG_CG,
STR_FLAG_CH,
STR_FLAG_CI,
STR_FLAG_CK,
STR_FLAG_CL,
STR_FLAG_CM,
STR_FLAG_CN,
STR_FLAG_CO,
STR_FLAG_CR,
STR_FLAG_CU,
STR_FLAG_CV,
STR_FLAG_CW,
STR_FLAG_CX,
STR_FLAG_CY,
STR_FLAG_CZ,
STR_FLAG_DE,
STR_FLAG_DJ,
STR_FLAG_DK,
STR_FLAG_DM,
STR_FLAG_DO,
STR_FLAG_DZ,
STR_FLAG_EC,
STR_FLAG_EE,
STR_FLAG_EG,
STR_FLAG_EH,
STR_FLAG_ER,
STR_FLAG_ES,
STR_FLAG_ET,
STR_FLAG_EU,
STR_FLAG_FI,
STR_FLAG_FJ,
STR_FLAG_FK,
STR_FLAG_FM,
STR_FLAG_FO,
STR_FLAG_FR,
STR_FLAG_GA,
STR_FLAG_GB,
STR_FLAG_GD,
STR_FLAG_GE,
STR_FLAG_GF,
STR_FLAG_GG,
STR_FLAG_GH,
STR_FLAG_GI,
STR_FLAG_GL,
STR_FLAG_GM,
STR_FLAG_GN,
STR_FLAG_GP,
STR_FLAG_GQ,
STR_FLAG_GR,
STR_FLAG_GS,
STR_FLAG_GT,
STR_FLAG_GU,
STR_FLAG_GW,
STR_FLAG_GY,
STR_FLAG_HK,
STR_FLAG_HM,
STR_FLAG_HN,
STR_FLAG_HR,
STR_FLAG_HT,
STR_FLAG_HU,
STR_FLAG_ID,
STR_FLAG_IE,
STR_FLAG_IL,
STR_FLAG_IM,
STR_FLAG_IN,
STR_FLAG_IO,
STR_FLAG_IQ,
STR_FLAG_IR,
STR_FLAG_IS,
STR_FLAG_IT,
STR_FLAG_JE,
STR_FLAG_JM,
STR_FLAG_JO,
STR_FLAG_JP,
STR_FLAG_KE,
STR_FLAG_KG,
STR_FLAG_KH,
STR_FLAG_KI,
STR_FLAG_KM,
STR_FLAG_KN,
STR_FLAG_KP,
STR_FLAG_KR,
STR_FLAG_KW,
STR_FLAG_KY,
STR_FLAG_KZ,
STR_FLAG_LA,
STR_FLAG_LB,
STR_FLAG_LC,
STR_FLAG_LI,
STR_FLAG_LK,
STR_FLAG_LR,
STR_FLAG_LS,
STR_FLAG_LT,
STR_FLAG_LU,
STR_FLAG_LV,
STR_FLAG_LY,
STR_FLAG_MA,
STR_FLAG_MC,
STR_FLAG_MD,
STR_FLAG_ME,
STR_FLAG_MF,
STR_FLAG_MG,
STR_FLAG_MH,
STR_FLAG_MK,
STR_FLAG_ML,
STR_FLAG_MM,
STR_FLAG_MN,
STR_FLAG_MO,
STR_FLAG_MP,
STR_FLAG_MQ,
STR_FLAG_MR,
STR_FLAG_MS,
STR_FLAG_MT,
STR_FLAG_MU,
STR_FLAG_MV,
STR_FLAG_MW,
STR_FLAG_MX,
STR_FLAG_MY,
STR_FLAG_MZ,
STR_FLAG_NA,
STR_FLAG_NC,
STR_FLAG_NE,
STR_FLAG_NF,
STR_FLAG_NG,
STR_FLAG_NI,
STR_FLAG_NL,
STR_FLAG_NO,
STR_FLAG_NP,
STR_FLAG_NR,
STR_FLAG_NU,
STR_FLAG_NZ,
STR_FLAG_OM,
STR_FLAG_PA,
STR_FLAG_PE,
STR_FLAG_PF,
STR_FLAG_PG,
STR_FLAG_PH,
STR_FLAG_PK,
STR_FLAG_PL,
STR_FLAG_PM,
STR_FLAG_PN,
STR_FLAG_PR,
STR_FLAG_PS,
STR_FLAG_PT,
STR_FLAG_PW,
STR_FLAG_PY,
STR_FLAG_QA,
STR_FLAG_RE,
STR_FLAG_RO,
STR_FLAG_RS,
STR_FLAG_RU,
STR_FLAG_RW,
STR_FLAG_SA,
STR_FLAG_SB,
STR_FLAG_SC,
STR_FLAG_SD,
STR_FLAG_SE,
STR_FLAG_SG,
STR_FLAG_SH,
STR_FLAG_SI,
STR_FLAG_SJ,
STR_FLAG_SK,
STR_FLAG_SL,
STR_FLAG_SM,
STR_FLAG_SN,
STR_FLAG_SO,
STR_FLAG_SR,
STR_FLAG_SS,
STR_FLAG_ST,
STR_FLAG_SV,
STR_FLAG_SX,
STR_FLAG_SY,
STR_FLAG_SZ,
STR_FLAG_TC,
STR_FLAG_TD,
STR_FLAG_TF,
STR_FLAG_TG,
STR_FLAG_TH,
STR_FLAG_TJ,
STR_FLAG_TK,
STR_FLAG_TL,
STR_FLAG_TM,
STR_FLAG_TN,
STR_FLAG_TO,
STR_FLAG_TR,
STR_FLAG_TT,
STR_FLAG_TV,
STR_FLAG_TW,
STR_FLAG_TZ,
STR_FLAG_UA,
STR_FLAG_UG,
STR_FLAG_UM,
STR_FLAG_US,
STR_FLAG_UY,
STR_FLAG_UZ,
STR_FLAG_VA,
STR_FLAG_VC,
STR_FLAG_VE,
STR_FLAG_VG,
STR_FLAG_VI,
STR_FLAG_VN,
STR_FLAG_VU,
STR_FLAG_WF,
STR_FLAG_WS,
STR_FLAG_YE,
STR_FLAG_YT,
STR_FLAG_ZA,
STR_FLAG_ZM,
STR_FLAG_ZW,
STR_FLAG_YU,
STR_FLAG_GDR,
STR_FLAG_SU,
STR_FLAG_EUROPE,
STR_FLAG_WRLD,
STR_POWER,
STR_POWER_STEAM,
STR_POWER_DIESEL,
STR_POWER_DIESEL_ELECTRIC,
STR_POWER_DIESEL_HYDRAULIC,
STR_POWER_ELECTRIC,
STR_POWER_ELECTRIC_AC,
STR_POWER_ELECTRIC_AC_15,
STR_POWER_ELECTRIC_AC_25,
STR_POWER_ELECTRIC_DC,
STR_POWER_ELECTRIC_DC_600,
STR_POWER_ELECTRIC_DC_750,
STR_POWER_ELECTRIC_DC_1200,
STR_POWER_ELECTRIC_DC_1500,
STR_POWER_ELECTRIC_DC_3000,
STR_POWER_TURBINE,
STR_POWER_BATTERY,
STR_POWER_MAGLEV,
STR_POWER_METRO,
STR_LIVERY_COMPANY_2CC,
STR_LIVERY_COMPANY_RANDOM_1CC,
STR_LIVERY_COMPANY_RANDOM_2CC,
,
,
str_mglv_maglev_wagon_powered,
str_mglv_maglev_wagon_unpowered,
str_mglv_china_transrapid,
str_mglv_japan_mlx01_901,
,
str_rbs_austria_nolb_1,NOLB 1
str_rbs_italy_fs_86,
str_rbs_australia_victorian_railways_rowan_railmotor,
str_rbs_switzerland_uebb_czm_1_2,
str_rbs_germany_bavarian_mcci,
str_rbs_south_africa_csar_railmotor,
str_rbs_australia_victorian_railways_motor_car_3,
str_rbs_austria_kkstb_4_0,
str_rbs_gemany_hessian_ludwig_railway_type_thomas,
str_rbs_austria_nolb_30_33,
,
,
str_rbd_australia_victorian_railways_aec_rm1,
str_rbd_germany_db_vt_133,
str_rbd_united_kingdom_gwr_aec_railcar,
str_rbd_austria_obb_5042,
str_rbd_new_zealand_nzr_rm31,NZR RM31
str_rbd_portugal_cp_0100,
str_rbd_usa_amtrak_budd_rdc,
str_rbd_germany_db_vt_989,
str_rbd_germany_ohe_520_gdt,
str_rbd_netherlands_ns_20_kameel,
str_rbd_netherlands_ns_dh1,
str_rbd_austria_obb_5047,
str_rbd_united_kingdom_br_153_super_sprinter,
str_rbd_czech_republic_cd_809,
str_rbd_germany_db_670,
str_rbd_lithuania_lithuanian_railways_ar2,
str_rbd_austria_kkstb_19,
str_rbd_usa_virginia_truckee_motor_car_22,
str_rbd_germany_saxon_det_1_2,
str_rbd_uk_wc_pr_drewry_railcar,
str_rbd_germany_bst_6001,
str_rbd_australia_victorian_railways_derm,
str_rbd_czech_republic_cd_m120,
str_rbd_germany_schienenzeppelin,
str_rbd_denmark_dsb_mo,
str_rbd_norway_nsb_cmb_17,
str_rbd_czech_republic_cd_m290,
str_rbd_netherlands_ns_ombc,
str_rbd_australia_nswgr_class_400,
str_rbd_portugal_cp_usd_9050,
str_rbd_belgium_sncb_class_42,
str_rbd_bulgaria_bdz_19,
str_rbd_greece_ose_aa71,
str_rbd_tunisia_sncft_z431,
str_rbd_usa_amtrak_spv_200,
str_rbd_finland_vr_dm12,
str_rbd_czech_republic_cd_840,
str_rbd_italy_fs_aln_668,
str_rbd_japan_jr_shikoku_1000,
str_rbd_japan_jr_kiha_e120,
str_rbd_chile_efe_buscarril,
str_rbd_argentina_fcpba_m_railcar,
str_rbd_eritrea_eritrean_railway_a62_70_littorina,
str_rbd_finland_vr_dm7,
str_rbd_russia_rzd_ach2,
,
,
str_rbe_czech_republic_cd_m400,
str_rbe_france_sncf_z_7100,
str_rbe_germany_buckower_kleinbahn_nr_1_3,
str_rbe_germany_db_4792,
str_rbe_slovakia_zssk_490,
str_rbe_italy_fs_ale_840,
str_rbe_italy_fg_ale_80,
str_rbe_italy_fs_e623,
str_rbe_morocco_oncfm_zab1000,
str_rbe_poland_pkp_en81,
str_rbe_austria_obb_4855,
str_rbe_austria_mbs_et_10109,
str_rbe_germany_db_et_85,
str_rbe_sweden_sj_x16,
str_rbe_usa_pennsylvania_railroad_silverliner_ii,
str_rbe_usa_septa_silverliner_v,
str_emu_usa_prr_mp54,
str_rbe_switzerland_ab_cfe_3_3,
str_rbe_switzerland_tpc_bvb_be_2_2,
str_rbe_switzerland_mvr_beh_2_4,
str_rbe_spain_ferrocarril_de_soller_1_3,
str_rbe_japan_choshi_deha_1000,
,
,
str_steam_belgium_le_belge,Le Belge
str_steam_usa_4_4_0_american,4-4-0 'American'
str_steam_switzerland_sbb_ec_2_5,SBB Ec 2/5
str_steam_usa_4_6_0_ten_wheeler,4-6-0 'Ten-Wheeler'
str_steam_usa_2_8_0_consolidation,2-8-0 'Consolidation'
str_steam_hungary_mav_377,
str_steam_austria_kkstb_99,KkStB 99
str_steam_uk_caledonian_railway_439,Caledonian Railway 439
str_steam_switzerland_sbb_a_3_5,SBB A 3/5
str_steam_switzerland_sbb_e_3_3,SBB E 3/3
str_steam_austria_kkstb_299,KkStB 299
str_steam_new_zealand_nzr_x_class,
str_steam_croatia_hz_51,
str_steam_italy_fs_880,
str_steam_argentina_fcnea_11b_2_8_0,FCNEA 11B 2-8-0
str_steam_france_sncf_140c,
str_steam_france_sncf_141ta,
str_steam_uk_gwr_4900,
str_steam_uk_gwr_5700,GWR 5700
str_steam_netherlands_ns_6300,
str_steam_usa_at_sf_5000,AT&SF 5000
str_steam_germany_prussian_s10,Preussische S 10
str_steam_uk_lms_5mt_black_five,LMS 5MT 'Black Five'
str_steam_russia_rzd_9p,
str_steam_uk_lner_a4_gresley,LNER A4 'Gresley'
str_steam_canada_cpr_royal_hudson,
str_steam_denmark_dsb_e,
str_steam_germany_db_52,DB BR 52
str_steam_uk_lner_a1_peppercorn,LNER A1 'Peppercorn'
str_steam_south_africa_sar_25,
str_steam_russia_rzd_p36,
str_steam_france_sncf_150b,SNCF 150B
str_steam_italy_fs_895,FS 895
str_steam_poland_pkp_okz32,
str_steam_switzerland_sbb_c_5_6,SBB C 5/6
str_steam_usa_up_4000_big_boy,UP 4000 'Big Boy'
str_steam_netherlands_nrs_11,
str_steam_uk_gwr_iron_duke_class,
str_steam_australia_sidney_railway_locomotive_no1,
str_steam_usa_central_pacific_4_2_2,
str_steam_netherlands_ns_700,
str_steam_south_africa_natal_government_railways_2_6_0t,
str_steam_australia_nswgr_z25_class,
str_steam_canada_canadian_pacific_374,
str_steam_south_africa_ppr_35_tonner_4_6_0t,
str_steam_spain_renfe_class_040,
str_steam_germany_saxon_iv_k,
str_steam_germany_prussian_s_3,
str_steam_norway_nsb_class_xxi,
str_steam_usa_prr_d16,
str_steam_netherlands_ns_8100,
str_steam_south_africa_sar_md_class,
str_steam_angola_south_west_african_2_8_0,
str_steam_uk_lner_n7,
str_steam_germany_saxon_xx_hv,
str_steam_belgium_nmbs_type_7,
str_steam_ireland_dser_15,
str_steam_usa_sierra_railroad_28,
str_steam_canada_cn_u_1_class,
str_steam_india_indian_railways_xb_class,
str_steam_iraq_iraqi_state_railways_pc_class,
str_steam_egypt_enr_1100,
str_steam_uk_gwr_1600_class,
str_steam_australia_victorian_railways_r_class,
str_steam_germany_db_9977_79,
str_steam_germany_db_18_201,
str_steam_new_zealand_nzr_wab,
str_steam_australia_nswgr_d57,
str_steam_australia_south_australian_railways_520,
str_steam_australia_nswgr_ad60,
str_steam_uruguay_afe_n1_2_6_0,
str_steam_argentina_fcca_ps11,
str_steam_south_africa_harbour_board_el_0_4_0,
str_steam_mozambique_beira_railway_br6_f2_falcon,
str_steam_eritrea_eritrean_railway_r440,
str_steam_kenya_east_african_railway_23,
str_steam_kenya_east_african_railway_21,
str_steam_zimbabwe_zimbabwe_railways_15,
str_steam_south_africa_sar_gma_4_8_2_2_8_4,
str_steam_kenya_east_african_railway_31,
str_steam_india_fairy_queen,
str_steam_india_dhr_b,
str_steam_china_china_railways_h,
str_steam_russia_rzd_u,
str_steam_russia_rzd_e,
str_steam_israel_israel_railways_h,
str_steam_italy_fs_480,
str_steam_italy_fs_691,
str_steam_greece_sek_lb,
str_steam_albania_hsh_01,
str_steam_spain_renfe_242f,
str_steam_czech_republic_cd_5341,
str_steam_poland_pkp_ok22,
str_steam_croatia_hz_11,
str_steam_hungary_mav_242,
str_steam_czech_republic_cd_4590,
str_steam_poland_pkp_oi49,
str_steam_austria_kkstb_310,
str_steam_usa_southern_pacific_gs_4_daylight,
str_steam_ireland_gs_wr_101,
str_steam_usa_nyc_h_6a_light_mikado,
str_steam_argentina_fcgr_315,
str_steam_australia_nswgr_c35,
str_steam_belgium_nmbs_sncb_type_29,
str_steam_chile_fcab_4_8_2,
str_steam_china_railways_qj,
str_steam_switzerland_rhb_g_3_4,
str_steam_japan_jnr_class_e10,
str_steam_japan_jnr_7100,
str_steam_japan_jnr_860,
str_steam_japan_jnr_9600,
str_steam_japan_jnr_d50,
str_steam_south_africa_katanga_mikado_2_8_2,
str_steam_mozambique_mozambique_railways_no_101,
str_steam_ivory_coast_golwe_2_6_0_0_6_2t,
,
,
str_diesel_germany_db_kof_ii,
str_diesel_usa_cnj_alco_ge_ir_boxcab,
str_diesel_netherlands_ns_200,
str_diesel_germany_db_270,
str_diesel_switzerland_sbb_am_4_6,SBB Am 4/6
str_diesel_australia_nswgr_79,
str_diesel_usa_western_pacific_alco_s_2,
str_diesel_usa_at_sf_emd_f3,
str_diesel_usa_up_emd_e8,
str_diesel_brazil_efcb_alco_rs_3,
str_diesel_netherlands_ns_600,
str_diesel_usa_pennsylvania_railroad_rf_16_sharknose,
str_diesel_uruguay_afe_1500,AFE 1500
str_diesel_canada_cpr_trainmaster,
str_diesel_liberia_liberia_railways_class_08,
str_diesel_austria_obb_2060,
str_diesel_canada_cnr_sw1200,
str_diesel_canada_via_rail_fp9,
str_diesel_hungary_mav_m44,
str_diesel_hungary_mav_m28,
str_diesel_belgium_nmbs_sncb_83,
str_diesel_germany_db_220,
str_diesel_usa_amtrak_fl9,
str_diesel_czech_republic_cd_720_chme2,
str_diesel_finland_vr_dr12,
str_diesel_romania_cfr_060_da,
str_diesel_brazil_bf_emd_gl8,
str_diesel_brazil_efvm_ml4000,
str_diesel_russia_rzd_tep60,
str_diesel_belgium_nmbs_sncb_62,
str_diesel_denmark_dsb_mak_100,
str_diesel_india_indian_railways_wdm_2,
str_diesel_uk_br_14,
str_diesel_russia_rzd_chme3,
str_diesel_argentina_mf_gm_emd_j16cw_ac,MF GM-EMD-J16CW-AC
str_diesel_russia_rzd_m62,
str_diesel_australia_nswgr_422,
str_diesel_egypt_enr_g22w,ENR G22W
str_diesel_usa_up_emd_dda40x,UP EMD DDA40X
str_diesel_australia_queensland_rail_2100,
str_diesel_croatia_hz_2062,
str_diesel_sweden_sj_v4,
str_diesel_canada_cnr_mlw_m420w,
str_diesel_usa_amtrak_sdp_40f,
str_diesel_china_china_railways_dfh3,
str_diesel_panama_panama_canal_railway_emd_f40ph,
str_diesel_portugal_cp_1900,
str_diesel_finland_vr_dr16,
str_diesel_russia_rzd_tep80,
str_diesel_australia_australian_national_an,
str_diesel_usa_amtrak_p42dc_genesis,
str_diesel_turkey_tcdd_dh7000,
str_diesel_argentina_mf_ge_u20c,
str_diesel_belgium_nmbs_sncb_7800,NMBS/SNCB 7800
str_diesel_uk_br_66,
str_diesel_uk_br_67,
str_diesel_iran_rai_de43ca_prima,
str_diesel_ukraine_uz_tep150,
str_diesel_china_china_railways_hxn5,
str_diesel_germany_db_261_gravita_10bb,
str_diesel_russia_rzd_gt1,
str_diesel_china_mtr_8000,MTR 8000
str_diesel_germany_hvle_v490,
str_diesel_russia_rzd_emch_3,
str_diesel_canada_cnr_9000,
str_diesel_uk_lms_7051_diesel_shunter,
str_diesel_usa_rock_island_emc_ta,
str_diesel_usa_nyc_baldwin_vo_660,
str_diesel_uk_br_class_d3_7,
str_diesel_australia_queensland_railways_dl_class,
str_diesel_usa_prr_fm_h_10_44,
str_diesel_algeria_sntf_baldwin_drs6_4_1000,
str_diesel_ireland_cie_113,
str_diesel_brazil_efc_3300_baldwin_as_616,
str_diesel_mexico_chp_500_fm_h_16_44,
str_diesel_australia_south_australian_railways_900,
str_diesel_sri_lanka_sri_lanka_railways_m2,
str_diesel_ireland_cie_001,
str_diesel_italy_fs_d341,
str_diesel_australia_nswgr_44,
str_diesel_zimbabwe_zimbabwe_railways_dh_1,
str_diesel_south_korea_korail_6000_emd_sd18,
str_diesel_italy_fs_d345,
str_diesel_norway_nsb_di4,
str_diesel_china_china_railways_df8,
str_diesel_australia_pacific_national_g_class,
str_diesel_uk_br_60,
str_diesel_australia_westrail_p_class,
str_diesel_saudi_arabia_saudi_railways_4000_emd_sd70acs,
str_diesel_ireland_ie_201,
str_diesel_usa_metrolink_emd_f59ph,
str_diesel_france_sncf_461000,
str_diesel_italy_act_d_200,
str_diesel_canada_go_transit_mp40ph_3c,
str_diesel_spain_renfe_class_334,
str_diesel_indonesia_indonesia_railways_cc300,
str_diesel_argentina_great_southern_railway_dh501,
str_diesel_brazil_ee_vfflb,
str_diesel_chile_efe_ge_u5b,
str_diesel_peru_ferrocarril_central_andino_alco_rsd_39,
str_diesel_brazil_efvm_emd_ddm45,
str_diesel_peru_ferrocarril_central_andino_ge_c39_8,
str_diesel_argentina_sofse_3193,
str_diesel_argentina_sofse_cnr_ckd8,
str_diesel_south_africa_sar_ds,
str_diesel_algeria_sntf_040_dg,
str_diesel_tunisia_sncft_040_df,
str_diesel_egypt_enr_te114e,
str_diesel_tunisia_sncft_040_dj,
str_diesel_morocco_oncf_df_100,
str_diesel_ukraine_uz_tep10l,
str_diesel_belarus_bch_2te10m,
str_diesel_poland_pkp_sp32,
str_diesel_ukraine_uz_2te126,
str_diesel_ukraine_uz_2te10ut,
str_diesel_serbia_zs_621,
str_diesel_italy_fs_207,
str_diesel_russia_rzd_db,
str_diesel_portugal_cp_1500,
str_diesel_france_sncf_bb_67400,
str_diesel_netherlands_ns_6400,
str_diesel_egypt_enr_2400_ge_es40aci,
str_diesel_south_africa_sar_afro_4000,
str_diesel_spain_renfe_308,
str_diesel_australia_pacific_national_xr_xrb,
str_diesel_norway_cargonet_312,
str_diesel_australia_pacific_national_92,
str_diesel_uk_br_68,
str_diesel_usa_amtrak_charger,
str_diesel_japan_jnr_df50,
str_diesel_gabon_alsthom_ad30b,
str_diesel_ghana_railway_corporation_class_tt12,
str_diesel_sierra_leone_lamco_301_series,
str_diesel_congo_alstom_bb_bb,
str_diesel_zimbabwe_sorefame_de8,
str_diesel_ivory_coast_gmd_gt22lc2,
str_electric_tanzania_trc_e6800,
,
,
str_mtro_argentina_le_brugeoise,Buenos Aires 'Le Brugeoise'
str_mtro_usa_ny_r1,New York R1
str_mtro_germany_db_et_171,
str_mtro_france_paris_m2_840,Paris M2 840
str_mtro_portugal_lisbon_ml7,Lissabon ML7
str_mtro_hungary_budapest_ev3_200,Budapest Ev3-200
str_mtro_norway_oslo_t1000,Oslo T1000
str_mtro_canada_toronto_h_series,Toronto H-Serie
str_mtro_germany_munchen_mvg_a2,München MVG A2
str_mtro_usa_ny_r44,New York R44
str_mtro_netherlands_amsterdam_type_m1,Amsterdam M1
str_mtro_sweden_stockholm_c8,Stockholm C8
str_mtro_north_korea_pyongyang_d_stock,Pjöngjang Baureihe D
str_mtro_finland_helsinki_m100,Helsinki M100
str_mtro_brazil_sao_paulo_serie_5500,Sao Paulo Serie 5500
str_mtro_russia_moscow_81_720,Moskau 81-720
str_mtro_japan_tokyo_s01,Tokio S01
str_mtro_egypt_cairo_1987_stock,Kairo 1987-er Baureihe
str_mtro_uk_dlr_p86,
str_mtro_russia_moscow_81_7175m,Moskau 81-717.5M
str_mtro_usa_boston_01800,Boston 01800
str_mtro_usa_la_a650,LA A650
str_mtro_taiwan_taipei_c301,Taipei C301
str_mtro_netherlands_amsterdam_caf_90,Amsterdam CAF 90
str_mtro_france_paris_mp89,Paris MP89
str_mtro_russia_moscow_81_740,Moscow 81-740
str_mtro_singapore_singapore_c830_metropolis,Singapore C830 'Metropolis'
str_mtro_norway_oslo_mx3000,Oslo MX3000
str_mtro_japan_osaka_30000,Osaka 30000
str_mtro_singapore_singapore_c151a,Singapore C151A
str_mtro_usa_washington_7000,Washington 7000
str_mtro_greece_thessaloniki_2014,Thessaloniki 2014
str_mtro_germany_berlin_u_bahn_a_i,
str_mtro_usa_ny_hedley_hi_v,
str_mtro_japan_osaka_1000,
str_mtro_russia_moscow_type_a,
str_mtro_usa_ny_r10,
str_mtro_italy_rome_mr_100,
str_mtro_russia_moscow_type_d,
str_mtro_netherlands_rotterdam_mg2_type_m,
str_mtro_czech_republic_prague_ecs_set,
str_mtro_argentina_buenos_aires_serie_1200,
str_mtro_chile_santiago_ns_93,
str_mtro_chile_santiago_as_2002,
str_mtro_brazil_recife_vlt_mobile_3,
str_mtro_spain_madrid_series_5000,
str_mtro_italy_rome_s_300,
str_mtro_algeria_algiers_caf_2011_stock,
str_mtro_germany_berlin_u_bahn_ik,
str_mtro_usa_chicago_l_6000,
str_mtro_uk_london_1903_stock,London 1903-er Baureihe
str_mtro_uk_london_1938_stock,London 1938-er Baureihe
str_mtro_metro_wagon_powered,
str_mtro_metro_wagon_unpowered,
str_mtro_usa_brooklyn_union_gate_car,
,
,
str_electric_uk_ner_ef1,
str_electric_japan_jnr_eb10,
str_electric_japan_jnr_ef55,
str_electric_netherlands_ns_1000,
str_electric_netherlands_ns_1600,
str_electric_australia_victorian_railways_e_class,
str_electric_uk_ner_es1,
str_electric_usa_nyc_s_motor,
str_electric_japan_aichi_railroad_deki_400,
str_electric_india_indian_railways_wcg_1,
str_electric_france_sncf_bb_9004,
str_electric_indonesia_ess_3200,
str_electric_uk_br_77_metrovic,
str_electric_uk_ner_ee1,
str_electric_usa_milwaukee_road_es_2,
str_electric_usa_milwaukee_road_ep_2_bipolar,
str_electric_chile_efe_e_28,
str_electric_italy_fs_e428,
str_electric_south_africa_sar_es_class,SAR ES-Klasse
str_electric_poland_pkp_eu06,
str_electric_poland_pkp_et41,
str_electric_poland_pkp_ep09,
str_electric_slovakia_zssk_162,
str_electric_italy_fs_e646,
str_electric_italy_fs_e424,
str_electric_italy_fs_e444,
str_electric_italy_fs_e633,
str_electric_belgium_nmbs_class_255,
str_electric_spain_renfe_250,
str_electric_chile_efe_e_29,
str_electric_chile_efe_e_17,
str_electric_morocco_oncf_e_700,
str_electric_india_indian_railways_wcm_1,
str_electric_south_africa_sar_e38,
str_electric_chile_efe_e_269,
str_electric_czech_republic_cd_363,
str_electric_norway_nsb_el7,
str_electric_usa_pennsylvania_railroad_ff_1,
str_electric_austria_obb_1161,
str_electric_germany_db_169,
str_electric_norway_nsb_el10,
str_electric_germany_db_104,
str_electric_usa_pennsylvania_railroad_gg_1,
str_electric_austria_obb_1020_crocodile,
str_electric_germany_db_1031,
str_electric_germany_db_e_919,
str_electric_switzerland_bls_ce_4_4,
str_electric_switzerland_sbb_ae_6_6,
str_electric_switzerland_sbb_re460_lok_2000,
str_electric_switzerland_sbb_eem_923,
str_electric_austria_obb_1044,
str_electric_austria_obb_1063,OBB 1063
str_electric_sweden_mtab_dm3,
str_electric_sweden_mtab_iore,
str_electric_sweden_sj_o_class,
str_electric_sweden_sj_f_class,
str_electric_norway_nsb_el17,
str_electric_germany_prussian_es_6,
str_electric_usa_virginian_railway_el_2b,
str_electric_usa_gn_w_1,
str_electric_usa_prr_b1,
str_electric_australia_aurizon_e40_ag_v1,
str_electric_china_china_railways_ss6,
str_electric_china_china_railways_ss3,
str_electric_china_china_railways_hxd3,
str_electric_china_china_railways_hxd1d,
str_electric_china_china_railways_6k,
str_electric_usa_prr_e44,
str_electric_croatia_hz_1141,
str_electric_hungary_mav_class_v43,
str_electric_portugal_cp_2500,
str_electric_portugal_cp_2600,
str_electric_south_africa_sar_20e,
str_electric_south_korea_korail_8200,
str_electric_ukraine_uz_ds3,
str_electric_czech_republic_cd_s499,
str_electric_italy_fs_e491,
str_electric_macedonia_macedonian_railways_462,
str_electric_morocco_oncfm_e_500,
str_electric_uk_br_85,
str_electric_mexico_fnm_ge_e60c_2,
str_electric_morocco_oncf_e_1400_prima_ii,
str_electric_new_zealand_nzr_ea,
str_electric_canada_bc_rail_gf6c,
str_electric_france_sncf_bb_22200,
str_electric_france_sncf_bb_26000,
str_electric_france_sncf_bb_25500,
str_electric_germany_db_182_es64u_taurus,
str_electric_japan_jr_eh500,
str_electric_usa_amtrak_emd_aem_7,
str_electric_usa_amtrak_hhp_8,
str_electric_czech_republic_cd_380,
str_electric_spain_renfe_252,RENFE 252
str_electric_germany_db_185_traxx_f140,DB 145 TRAXX F140
str_electric_italy_fs_e550,
str_electric_japan_jnr_ef81,
str_electric_uk_br_92,BR 92
str_electric_usa_amtrak_acs_64,
str_electric_france_sncf_cc_40100,
str_electric_belgium_nmbs_sncb_13_hle,
str_electric_switzerland_rhb_de_2_2,
str_electric_japan_jnr_eh10,
str_electric_japan_jnr_ef64,
str_electric_new_zealand_nzr_eo_class,
str_electric_australia_nswgr_71,
str_electric_south_africa_sar_4e,
str_electric_south_africa_sar_5e1,
str_electric_south_africa_sar_6e,SAR 6E
str_electric_switzerland_rhb_ge_4_4_i,
str_electric_switzerland_rhb_ge_6_6_krokodil,
str_electric_brasil_mrs_he_4_4,
str_electric_south_africa_sar_7e,
str_electric_south_africa_sar_11e,
str_electric_new_zealand_tranzrail_ef,
str_electric_russia_rzd_vl15,
str_electric_russia_rzd_vl11,
str_electric_russia_rzd_vl22m,
str_electric_ukraine_uz_de1,
str_electric_russia_rzd_chs3,
str_electric_ukraine_uz_chs7,
str_electric_brasil_rffsa_ge_c_c_4400,
str_electric_russia_rzd_vl85,
str_electric_russia_rzd_vl41,
str_electric_india_indian_railways_wap_4,
str_electric_finland_vr_sr1,
str_electric_kazakhstan_ktz_kz4a,
str_electric_kazakhstan_ktz_kz8a,
str_electric_russia_rzd_ep20,
str_electric_congo_type_2450_acec_charleroi_zaire_electric,
,
,
str_dmu_germany_db_vt_040_flying_hamburger,
str_dmu_australia_nswgr_silver_city_comet,
str_dmu_czech_republic_cd_m131,
str_dmu_germany_db_vt_085,
str_dmu_australia_queensland_rail_400,
str_dmu_germany_db_vt_115,
str_dmu_netherlands_ns_plan_u_de_iii,
str_dmu_canada_cnr_turbo_train,
str_dmu_serbia_zs_811,
str_dmu_uk_br_43_ic125,
str_dmu_canada_via_rail_lrc,
str_dmu_sweden_sj_y2,
str_dmu_spain_renfe_594_trd,
str_dmu_uk_br_168,
str_dmu_germany_db_612_regio_swinger,
str_dmu_germany_db_642_desiro,
str_dmu_denmark_arriva_lint_41,
str_dmu_norway_nsb_bm_93_talent,
str_dmu_australia_transwa_prospector,
str_dmu_australia_cityrail_hunter_railcar,
str_dmu_russia_rzd_ra2,
str_dmu_denmark_dsb_ic4,
str_dmu_croatia_hz_7022,
str_dmu_turkey_tcdd_mt_5500,
str_dmu_japan_jnr_kiha_181,
str_dmu_czech_republic_cd_814,
str_dmu_uk_br_150_0_sprinter,
str_dmu_iran_rai_141_pacer,
str_dmu_israel_israel_railways_ic3,
str_dmu_australia_transadelaide_3100,
str_dmu_australia_nswgr_xplorer,
str_dmu_japan_jr_kiha_189,
str_dmu_sri_lanka_sri_lanka_railways_s11,
str_dmu_slovakia_zssk_861,
str_dmu_chile_efe_tld_500,
str_dmu_cameroon_camrail_ze_500,
str_dmu_uk_br_251_blue_pullman,
str_dmu_australia_wagr_adk_adb,
str_dmu_france_sncf_x_4630,
str_dmu_france_sncf_t_2000,
str_dmu_netherlands_ns_dh2,
str_dmu_germany_db_6282,
str_dmu_algeria_sntf_zz_2200_autorail,
str_dmu_tunisia_sncft_amt_800,
str_dmu_ghana_ghana_railways_demu,
str_dmu_australia_queensland_rail_diesel_tilt_train,
str_dmu_canada_up_express_nippon_sharyo_dmu,
str_dmu_argentina_fcgu_cmm_400_2,
str_dmu_italy_fs_aln_442_448,
str_dmu_portugal_cp_0400,
str_dmu_portugal_cp_0600,
str_dmu_spain_feve_2400_apollos,
str_cargodmu_germany_db_691_cargosprinter,
str_mu_mu_cargo_wagon_powered,
str_mu_mu_cargo_wagon_unpowered,
str_mu_mu_wagon_powered,
str_mu_mu_wagon_unpowered,
,
,
str_emu_australia_sydney_trains_a_set_waratah,
str_emu_denmark_dsb_s_tog_ii,
str_emu_denmark_dsb_s_tog_iv,
str_emu_italy_atac_ecd_21_30,
str_emu_netherlands_ns_mat24,
str_emu_netherlands_ns_mat36,
str_emu_netherlands_ns_mat54,
str_emu_netherlands_ns_plan_y,
str_emu_netherlands_ns_icm_4000,
str_emu_netherlands_ns_dd_irm_virm,
str_emu_netherlands_ns_mddm_390,
str_emu_poland_pkp_ew90,
str_emu_italy_fs_etr200,
str_emu_italy_fs_etr300_settebello,
str_emu_italy_fs_etr500,
str_emu_italy_fs_ale426,
str_emu_morocco_oncf_zmc,
str_emu_poland_pkp_ew54,
str_emu_italy_fs_ale_801,
str_emu_austria_obb_4030,
str_emu_austria_obb_4041,
str_emu_austria_westbahn_4010_kiss,
str_emu_germany_db_et420,
str_emu_norway_nsb_bm73,
str_emu_norway_nsb_bm65,
str_emu_sweden_sj_x2000,
str_emu_switzerland_sbb_rabde_510,
str_emu_switzerland_sbb_rbde_560,
str_emu_switzerland_sbb_rabe_523_flirt,
str_emu_usa_amtrak_budd_metroliner,
str_emu_germany_db_403_ice_3,
str_emu_bulgaria_bdz_10_desiro,
str_emu_finland_vr_sm2,
str_emu_finland_vr_sm4,
str_emu_hungary_mav_bdvmot,
str_emu_europe_sureot,
str_emu_japan_jnr_shinkansen_series_0,
str_emu_japan_jr_shinkansen_series_700,
str_emu_japan_jr_shinkansen_series_e1_max,
str_emu_luxembourg_cfl_2200_coradia_duplex,
str_emu_macedonia_macedonian_railways_412,
str_emu_romania_cfr_58,
str_emu_south_africa_gautrain_electrostar,
str_emu_turkey_tcdd_e8000,
str_emu_china_railways_chr380a,
str_emu_italy_ntv_agv,
str_emu_italy_ntv_agv_duplex,
str_emu_netherlands_ns_hispeed_v250_albatros,
str_emu_netherlands_ns_4800_hsa,
str_emu_switzerland_sbb_rae_tee_ii,
str_emu_usa_erie_lackawanna_mu_cars,
str_emu_france_sncf_tgv_sud_est,
str_emu_france_sncf_tgv_duplex,
str_emu_france_thalys_pbka,
str_emu_czech_republic_cd_680_pendolino,
str_emu_spain_renfe_120,
str_emu_usa_amtrak_acela_express,
str_emu_japan_odakyu_3100_series_romance,
str_emu_japan_odakyu_10000_series_romance,
str_emu_australia_sydney_trains_s_set,
str_emu_australia_sydney_trains_oscars,
str_emu_australia_victorian_railways_swing_door,
str_emu_new_zealand_nzr_em_et_class,
str_emu_south_africa_sar_5m2,
str_emu_chile_efe_xtrapolis_100,
str_emu_chile_efe_aes_railcar,
str_emu_tunisia_sncft_yz_e,
str_emu_australia_queensland_rail_tilt_train,
str_emu_russia_rzd_er200,
str_emu_russia_rzd_s,
str_emu_croatia_hz_6112,
str_emu_russia_rzd_es1_lastochka,
str_cargoemu_japan_jr_freight_m250,
,
,
str_singlemtro_usa_brooklyn_union_gate_car,
str_singlemtro_hungary_budapest_1894_stock,
str_singlemtro_usa_chicago_l_northwest_elevated_1907_stock,
str_singlemtro_germany_berlin_u_bahn_c_ii,
,
,
str_rbm_world_turbobus,
,
,
str_mglv_germany_db_182_es64um_mutus,
,
,
str_mglv_wagon_gen7m_boxcar_type1,
str_mglv_wagon_gen7m_boxcar_type2,
str_mglv_wagon_gen7m_car_transporter,
str_mglv_wagon_gen7m_centerbeam,
str_mglv_wagon_gen7m_container_carrier,
str_mglv_wagon_gen7m_container_doublestack,
str_mglv_wagon_gen7m_flatcar,
str_mglv_wagon_gen7m_gondola,
str_mglv_wagon_gen7m_heavy_flatcar,
str_mglv_wagon_gen7m_hopper_type1,
str_mglv_wagon_gen7m_hopper_type2,
str_mglv_wagon_gen7m_silo_type1,
str_mglv_wagon_gen7m_silo_type2,
str_mglv_wagon_gen7m_superheavy_flatcar,
str_mglv_wagon_gen7m_tanker,
str_mu_wagon_gen1_flat_wagon,
str_mu_wagon_gen1_boxcar,
str_mu_wagon_gen1_tanker,
str_mu_wagon_gen1_open_wagon,
str_mu_wagon_gen2_flat_wagon,
str_mu_wagon_gen2_boxcar_type1,
str_mu_wagon_gen2_boxcar_type2,
str_mu_wagon_gen2_tanker,
str_mu_wagon_gen2_open_wagon,
str_mu_wagon_gen2_silo,
str_mu_wagon_gen2_hopper,
str_mu_wagon_gen3_flat_wagon,
str_mu_wagon_gen3_boxcar_type1,
str_mu_wagon_gen3_boxcar_type2,
str_mu_wagon_gen3_tanker,
str_mu_wagon_gen3_open_wagon,
str_mu_wagon_gen3_silo_type1,
str_mu_wagon_gen3_silo_type2,
str_mu_wagon_gen3_hopper,
str_mu_wagon_gen4_flatcar,
str_mu_wagon_gen4_heavy_flatcar,
str_mu_wagon_gen4_boxcar_type1,
str_mu_wagon_gen4_boxcar_type2,
str_mu_wagon_gen4_tanker,
str_mu_wagon_gen4_gondola,
str_mu_wagon_gen4_silo_type1,
str_mu_wagon_gen4_silo_type2,
str_mu_wagon_gen4_hopper_type1,
str_mu_wagon_gen4_hopper_type2,
str_mu_wagon_gen4_car_transporter,
str_mu_wagon_gen4_container_carrier,
str_mu_wagon_gen4_centerbeam,
str_mu_wagon_gen5_flatcar,
str_mu_wagon_gen5_heavy_flatcar,
str_mu_wagon_gen5_boxcar_type1,
str_mu_wagon_gen5_boxcar_type2,
str_mu_wagon_gen5_tanker,
str_mu_wagon_gen5_gondola,
str_mu_wagon_gen5_silo_type1,
str_mu_wagon_gen5_silo_type2,
str_mu_wagon_gen5_hopper_type1,
str_mu_wagon_gen5_hopper_type2,
str_mu_wagon_gen5_car_transporter,
str_mu_wagon_gen5_container_carrier,
str_mu_wagon_gen5_centerbeam,
str_mu_wagon_gen5_container_doublestack,
str_mu_wagon_gen5_superheavy_flatcar,
str_mu_wagon_gen6_flatcar,
str_mu_wagon_gen6_heavy_flatcar,
str_mu_wagon_gen6_boxcar_type1,
str_mu_wagon_gen6_boxcar_type2,
str_mu_wagon_gen6_tanker,
str_mu_wagon_gen6_gondola,
str_mu_wagon_gen6_silo_type1,
str_mu_wagon_gen6_silo_type2,
str_mu_wagon_gen6_hopper_type1,
str_mu_wagon_gen6_hopper_type2,
str_mu_wagon_gen6_car_transporter,
str_mu_wagon_gen6_container_carrier,
str_mu_wagon_gen6_centerbeam,
str_mu_wagon_gen6_container_doublestack,
str_mu_wagon_gen6_superheavy_flatcar,
str_mu_wagon_service_car_type1,
str_mu_wagon_service_car_type2,
,
,
str_mu_coach_gen1_wooden_2_axle_compartment_coach,
str_mu_coach_gen1_wooden_2_axle_regional_coach,
str_mu_coach_gen1_wooden_2_axle_mail_coach,
str_mu_coach_gen1_clerestory_compartment_coach,
str_mu_coach_gen1_clerestory_regional_coach,
str_mu_coach_gen1_clerestory_mail_coach,
str_mu_coach_gen1_wooden_3_axle_compartment_coach,
str_mu_coach_gen1_wooden_3_axle_regional_coach,
str_mu_coach_gen1_wooden_3_axle_mail_coach,
str_mu_coach_gen2_heavyweight_intercity_coach,
str_mu_coach_gen2_heavyweight_mail_coach,
str_mu_coach_gen2_steel_intercity_coach,
str_mu_coach_gen2_steel_compartment_coach,
str_mu_coach_gen2_steel_regional_coach,
str_mu_coach_gen2_steel_mail_coach,
str_mu_coach_gen2_steel_2_axle_compartment_coach,
str_mu_coach_gen2_steel_2_axle_regional_coach,
str_mu_coach_gen2_steel_2_axle_mail_coach,
str_mu_coach_gen2_steel_3_axle_compartment_coach,
str_mu_coach_gen2_steel_3_axle_regional_coach,
str_mu_coach_gen2_steel_3_axle_mail_coach,
str_mu_coach_gen3_steel_lightweight_intercity_coach,
str_mu_coach_gen3_steel_lightweight_regional_coach,
str_mu_coach_gen3_steel_lightweight_mail_coach,
str_mu_coach_gen3_aluminium_lightweight_intercity_coach,
str_mu_coach_gen3_aluminium_lightweight_regional_coach,
str_mu_coach_gen3_aluminium_lightweight_mail_coach,
str_mu_coach_gen3_gallery_car,
str_mu_coach_gen3_mk1_intercity_coach,
str_mu_coach_gen3_mk1_regional_coach,
str_mu_coach_gen3_mk1_mail_coach,
str_mu_coach_gen3_uic_x_intercity_coach,
str_mu_coach_gen3_tee_intercity_coach,
str_mu_coach_gen3_uic_x_regional_coach,
str_mu_coach_gen3_umbauwagen_local_coach,
str_mu_coach_gen3_doppelstockwagen_local_coach,
str_mu_coach_gen3_uic_x_mail_coach,
str_mu_coach_gen3_indian_intercity_coach,
str_mu_coach_gen3_indian_local_coach,
str_mu_coach_gen3_indian_regional_coach,
str_mu_coach_gen3_indian_mail_coach,
str_mu_coach_gen4_eurofima_intercity_coach,
str_mu_coach_gen4_interregio_coach,
str_mu_coach_gen4_silberling_commuter_coach,
str_mu_coach_gen4_eurofima_mail_coach,
str_mu_coach_gen4_double_decker_coach,
str_mu_coach_gen4_russian_intercity_coach,
str_mu_coach_gen4_russian_regional_coach,
str_mu_coach_gen4_russian_mail_coach,
str_mu_coach_gen4_superliner_coach,
str_mu_coach_gen4_superliner_california,
str_mu_coach_gen4_amfleet_regional_coach,
str_mu_coach_gen4_amfleet_intercity_coach,
str_mu_coach_gen4_comet_commuter_coach,
str_mu_coach_gen4_horizon_regional_coach,
str_mu_coach_gen4_horizon_baggage_coach,
str_mu_coach_gen4_bombardier_bi_level,
str_mu_coach_gen5_high_speed_coach,
str_mu_coach_gen5_modern_regional_coach,
str_mu_coach_gen5_modern_commuter_coach,
str_mu_coach_gen5_modern_double_decker_coach,
str_mu_coach_gen5_high_speed_double_decker_ic2000,
str_mu_coach_gen5_high_speed_mail_coach,
str_mu_coach_gen5_talgo_pendular,
str_mu_coach_gen5_talgo_pendular_mail,
str_mu_coach_gen6_grand_voyager_coach,
str_mu_coach_gen6_grand_regio_coach,
str_mu_coach_gen6_metropolis_coach,
str_mu_coach_gen6_speedmail_coach,
str_mu_coach_gen6_super_regio_coach,
str_mu_coach_gen6_super_voyager_coach,
str_mu_coach_gen6_citynightline_sleeper,
str_mu_coach_gen6_trans_euro_night_sleeper,
str_mu_wagon_gen1_livestock_van,
str_mu_wagon_gen2_livestock_van,
str_mu_wagon_gen3_livestock_van,
str_mu_wagon_gen4_livestock_van,
str_mu_wagon_gen5_livestock_van,
str_mu_wagon_gen6_livestock_van,
str_mu_wagon_gen7m_livestock_van,
