##grflangid 0x56,
##plural 1,
,
,
,
STR_GRF_NAME,{TITLE}
STR_GRF_DESCRIPTION,
STR_GRF_URL,https://github.com/nemethviktor/2ccts_revival
,
,
STR_USED_WITH_DYNAMIC_ENGINES,dynamic_engines = true (在openttd.cfg内设置)
STR_ERROR_REGION,"未激活地区分区, {STRING} 已禁用"
,
,
STR_PARAM_PURCHASE_COST,采购费用加倍
STR_PARAM_PURCHASE_COST_DESC,此参数可以提高或降低车辆采购费用。
STR_PARAM_RUNNING_COST,营运费用加倍
STR_PARAM_RUNNING_COST_DESC,此参数可以提高或降低车辆营运费用。
,
STR_WORD_NORMAL,默认
,
STR_SUFFIX_STEAMENGINE,
STR_SUFFIX_DIESELENGINE,
STR_SUFFIX_ELECTRICENGINE,
STR_SUFFIX_MAGLEVENGINE,
,
STR_SUFFIX_STEAMRAILBUS,蒸汽铁路巴士
STR_SUFFIX_DIESELRAILBUS,内燃铁路巴士
STR_SUFFIX_ELECTRICRAILBUS,电力铁路巴士
STR_SUFFIX_METRORAILBUS,单机城轨
STR_SUFFIX_MAGLEVRAILBUS,
,
STR_SUFFIX_DMU,内燃动车
STR_SUFFIX_EMU,电力动车
STR_SUFFIX_MAGLEVMU,
STR_SUFFIX_COACH,
STR_SUFFIX_WAGON,
STR_SUFFIX_METRO,城轨
,
STR_SUFFIX_UNPOWERED,无动力
STR_SUFFIX_POWERED,有动力
,
STR_SUFFIX_STEAM,蒸汽
STR_SUFFIX_DIESEL,内燃
STR_SUFFIX_ELECTRIC,电力
STR_SUFFIX_MAGLEV,磁浮
STR_SUFFIX_GAS_TURBINE,
,
STR_SUFFIX_1500V,
STR_SUFFIX_3KV,
STR_SUFFIX_15KV,
STR_SUFFIX_25KV,
STR_SUFFIX_OHLE,
STR_SUFFIX_3RD,
STR_SUFFIX_4TH,
STR_SUFFIX_DUAL,
,
,
STR_UNIT_WAGON_PASSENGER,此车厢仅能用于客运动车组，组成适当长度的列车
STR_UNIT_WAGON_CARGO,此车厢仅能用于货运动车组，组成适当长度列车
,
STR_CANNOT_ATTACH_WAGON_TO_MU,不可将普通车厢与动车混编
STR_CANNOT_ATTACH_WAGON_TO_UNIT_WAGON,不可将常规车厢挂载到动力车厢
STR_CANNOT_ATTACH_UNIT_WAGON_TO_ENGINE,不可将动车组车厢和常规机车混编
STR_CANNOT_ATTACH_UNIT_WAGON_TO_WAGON,不可将动车组车厢和常规车厢混编
STR_CANNOT_ATTACH_UNIT_WAGON_CARGO_TO_PASSENGER,不可将货车厢挂载于客车动车引擎
STR_CANNOT_ATTACH_UNIT_WAGON_PASSENGER_TO_CARGO,不可将客车车厢挂载于货物动车引擎
,
STR_PARAM_CONCEPT,概念车型
STR_PARAM_CONCEPT_DESC,使用概念车型
STR_PARAM_REGION_AFRICA,非洲
STR_PARAM_REGION_AFRICA_DESC,使用非洲车辆
STR_PARAM_REGION_NORTH_AMERICA,北美
STR_PARAM_REGION_NORTH_AMERICA_DESC,使用北美车辆
STR_PARAM_REGION_SOUTH_AMERICA,南美
STR_PARAM_REGION_SOUTH_AMERICA_DESC,使用南美车辆
STR_PARAM_REGION_ASIA,亚洲
STR_PARAM_REGION_ASIA_DESC,使用亚洲车辆
STR_PARAM_REGION_NORTHERN_EUROPE,北欧
STR_PARAM_REGION_NORTHERN_EUROPE_DESC,使用北欧车辆
STR_PARAM_REGION_EASTERN_EUROPE,东欧
STR_PARAM_REGION_EASTERN_EUROPE_DESC,使用东欧车辆
STR_PARAM_REGION_SOUTHERN_EUROPE,南欧
STR_PARAM_REGION_SOUTHERN_EUROPE_DESC,使用南欧车辆
STR_PARAM_REGION_WESTERN_EUROPE,西欧
STR_PARAM_REGION_WESTERN_EUROPE_DESC,使用西欧车辆
STR_PARAM_REGION_OCEANIA,大洋洲
STR_PARAM_REGION_OCEANIA_DESC,使用大洋洲车辆
,
,
STR_PARAM_LOADINGSPEED,装载速度
STR_PARAM_LOADINGSPEED_DESC,设置该套机组的装载速度
STR_PARAM_LOADINGSPEED_SLOW,慢
STR_PARAM_LOADINGSPEED_NORMAL,正常 (默认)
STR_PARAM_LOADINGSPEED_FAST,快
STR_PARAM_LOADINGSPEED_ULTRA,尽可能快
,
STR_CLASS_FLAG,
STR_CLASS_ROLE,
STR_CLASS_OPERATOR,
STR_CLASS_PROPULSION,
STR_CLASS_LIVERY,
STR_CLASS_REGION,
STR_CLASS_ZONE,
,
,
STR_ROLE_COACH__COMMUTER_,
STR_ROLE_COACH__EXPRESS_,
STR_ROLE_COACH__HS_,
STR_ROLE_COACH__MAIL_,
STR_ROLE_COACH__REGIONAL_,
STR_ROLE_COMMUTER_URBAN,
STR_ROLE_EXPRESS_PASSENGER,
STR_ROLE_EXPRESS,
STR_ROLE_UNIVERSAL,
STR_ROLE_HEAVY_FREIGHT,
STR_ROLE_LIGHT_FREIGHT,
STR_ROLE_METRO,
STR_ROLE_POWERED_UNPOWERED_SUNDRY,
STR_ROLE_REGIONAL_PASSENGER,
STR_ROLE_SHUNTING,
STR_ROLE_FREIGHT,
STR_ROLE_ULTRA_HIGH_SPEED__PAX_,
STR_ROLE_ULTRA_HIGH_SPEED__UNIVERSAL_,
STR_ROLE_WAGON,
,
,
STR_REGION,
STR_REGION_AMERICA,
STR_REGION_AMERICA_NORTHERN,
STR_REGION_AMERICA_CENTRAL,
STR_REGION_AMERICA_SOUTH,
STR_REGION_AMERICA_CARIBBEAN,
STR_REGION_EUROPE,
STR_REGION_EUROPE_NORTHERN,
STR_REGION_EUROPE_WESTERN,
STR_REGION_EUROPE_SOUTHERN,
STR_REGION_EUROPE_EASTERN,
STR_REGION_AFRICA,
STR_REGION_AFRICA_NORTHERN,
STR_REGION_AFRICA_WESTERN,
STR_REGION_AFRICA_MIDDLE,
STR_REGION_AFRICA_EASTERN,
STR_REGION_AFRICA_SOUTHERN,
STR_REGION_ASIA,
STR_REGION_ASIA_WESTERN,
STR_REGION_ASIA_CENTRAL,
STR_REGION_ASIA_EASTERN,
STR_REGION_ASIA_SOUTHERN,
STR_REGION_ASIA_SOUTHEASTERN,
STR_REGION_OCEANIA,
STR_REGION_OCEANIA_MICRONESIA,
STR_REGION_OCEANIA_MELANESIA,
STR_REGION_OCEANIA_POLYNESIA,
STR_REGION_OCEANIA_AUSTRALIA_AND_NEW_ZEALAND,
,
,
STR_ZONE_RESIDENTIAL,
STR_ZONE_RESIDENTIAL_LOW_DENSITY,
STR_ZONE_RESIDENTIAL_MEDIUM_DENSITY,
STR_ZONE_RESIDENTIAL_HIGH_DENSITY,
STR_ZONE_COMMERCIAL,
STR_ZONE_COMMERCIAL_LOW_DENSITY,
STR_ZONE_COMMERCIAL_MEDIUM_DENSITY,
STR_ZONE_COMMERCIAL_HIGH_DENSITY,
STR_ZONE_INDUSTRIAL,
STR_ZONE_INDUSTRIAL_LOW_DENSITY,
STR_ZONE_INDUSTRIAL_MEDIUM_DENSITY,
STR_ZONE_INDUSTRIAL_HIGH_DENSITY,
STR_ZONE_MIXED,
STR_ZONE_MIXED_LOW_DENSITY,
STR_ZONE_MIXED_MEDIUM_DENSITY,
STR_ZONE_MIXED_HIGH_DENSITY,
STR_ZONE_AGRICULTURAL,
STR_ZONE_FORESTRY,
STR_ZONE_PUBLIC,
STR_ZONE_TRANSPORT,
STR_ZONE_GENERAL,
STR_ZONE_LEISURE,
STR_ZONE_OTHER,
,
,
STR_FLAG,
STR_FLAG_AD,
STR_FLAG_AE,
STR_FLAG_AF,
STR_FLAG_AG,
STR_FLAG_AI,
STR_FLAG_AL,
STR_FLAG_AM,
STR_FLAG_AO,
STR_FLAG_AQ,
STR_FLAG_AR,
STR_FLAG_AS,
STR_FLAG_AT,
STR_FLAG_AU,
STR_FLAG_AW,
STR_FLAG_AX,
STR_FLAG_AZ,
STR_FLAG_BA,
STR_FLAG_BB,
STR_FLAG_BD,
STR_FLAG_BE,
STR_FLAG_BF,
STR_FLAG_BG,
STR_FLAG_BH,
STR_FLAG_BI,
STR_FLAG_BJ,
STR_FLAG_BL,
STR_FLAG_BM,
STR_FLAG_BN,
STR_FLAG_BO,
STR_FLAG_BQ,
STR_FLAG_BR,
STR_FLAG_BS,
STR_FLAG_BT,
STR_FLAG_BV,
STR_FLAG_BW,
STR_FLAG_BY,
STR_FLAG_BZ,
STR_FLAG_CA,
STR_FLAG_CC,
STR_FLAG_CD,
,
STR_FLAG_CF,
STR_FLAG_CG,
STR_FLAG_CH,
STR_FLAG_CI,
STR_FLAG_CK,
STR_FLAG_CL,
STR_FLAG_CM,
STR_FLAG_CN,
STR_FLAG_CO,
STR_FLAG_CR,
STR_FLAG_CU,
STR_FLAG_CV,
STR_FLAG_CW,
STR_FLAG_CX,
STR_FLAG_CY,
STR_FLAG_CZ,
STR_FLAG_DE,
STR_FLAG_DJ,
STR_FLAG_DK,
STR_FLAG_DM,
STR_FLAG_DO,
STR_FLAG_DZ,
STR_FLAG_EC,
STR_FLAG_EE,
STR_FLAG_EG,
STR_FLAG_EH,
STR_FLAG_ER,
STR_FLAG_ES,
STR_FLAG_ET,
STR_FLAG_EU,
STR_FLAG_FI,
STR_FLAG_FJ,
STR_FLAG_FK,
STR_FLAG_FM,
STR_FLAG_FO,
STR_FLAG_FR,
STR_FLAG_GA,
STR_FLAG_GB,
STR_FLAG_GD,
STR_FLAG_GE,
STR_FLAG_GF,
STR_FLAG_GG,
STR_FLAG_GH,
STR_FLAG_GI,
STR_FLAG_GL,
STR_FLAG_GM,
STR_FLAG_GN,
STR_FLAG_GP,
STR_FLAG_GQ,
STR_FLAG_GR,
STR_FLAG_GS,
STR_FLAG_GT,
STR_FLAG_GU,
STR_FLAG_GW,
STR_FLAG_GY,
STR_FLAG_HK,
STR_FLAG_HM,
STR_FLAG_HN,
STR_FLAG_HR,
STR_FLAG_HT,
STR_FLAG_HU,
STR_FLAG_ID,
STR_FLAG_IE,
STR_FLAG_IL,
STR_FLAG_IM,
STR_FLAG_IN,
STR_FLAG_IO,
STR_FLAG_IQ,
STR_FLAG_IR,
STR_FLAG_IS,
STR_FLAG_IT,
STR_FLAG_JE,
STR_FLAG_JM,
STR_FLAG_JO,
STR_FLAG_JP,
STR_FLAG_KE,
STR_FLAG_KG,
STR_FLAG_KH,
STR_FLAG_KI,
STR_FLAG_KM,
STR_FLAG_KN,
STR_FLAG_KP,
STR_FLAG_KR,
STR_FLAG_KW,
STR_FLAG_KY,
STR_FLAG_KZ,
STR_FLAG_LA,
STR_FLAG_LB,
STR_FLAG_LC,
STR_FLAG_LI,
STR_FLAG_LK,
STR_FLAG_LR,
STR_FLAG_LS,
STR_FLAG_LT,
STR_FLAG_LU,
STR_FLAG_LV,
STR_FLAG_LY,
STR_FLAG_MA,
STR_FLAG_MC,
STR_FLAG_MD,
STR_FLAG_ME,
STR_FLAG_MF,
STR_FLAG_MG,
STR_FLAG_MH,
STR_FLAG_MK,
STR_FLAG_ML,
STR_FLAG_MM,
STR_FLAG_MN,
STR_FLAG_MO,
STR_FLAG_MP,
STR_FLAG_MQ,
STR_FLAG_MR,
STR_FLAG_MS,
STR_FLAG_MT,
STR_FLAG_MU,
STR_FLAG_MV,
STR_FLAG_MW,
STR_FLAG_MX,
STR_FLAG_MY,
STR_FLAG_MZ,
STR_FLAG_NA,
STR_FLAG_NC,
STR_FLAG_NE,
STR_FLAG_NF,
STR_FLAG_NG,
STR_FLAG_NI,
STR_FLAG_NL,
STR_FLAG_NO,
STR_FLAG_NP,
STR_FLAG_NR,
STR_FLAG_NU,
STR_FLAG_NZ,
STR_FLAG_OM,
STR_FLAG_PA,
STR_FLAG_PE,
STR_FLAG_PF,
STR_FLAG_PG,
STR_FLAG_PH,
STR_FLAG_PK,
STR_FLAG_PL,
STR_FLAG_PM,
STR_FLAG_PN,
STR_FLAG_PR,
STR_FLAG_PS,
STR_FLAG_PT,
STR_FLAG_PW,
STR_FLAG_PY,
STR_FLAG_QA,
STR_FLAG_RE,
STR_FLAG_RO,
STR_FLAG_RS,
STR_FLAG_RU,
STR_FLAG_RW,
STR_FLAG_SA,
STR_FLAG_SB,
STR_FLAG_SC,
STR_FLAG_SD,
STR_FLAG_SE,
STR_FLAG_SG,
STR_FLAG_SH,
STR_FLAG_SI,
STR_FLAG_SJ,
STR_FLAG_SK,
STR_FLAG_SL,
STR_FLAG_SM,
STR_FLAG_SN,
STR_FLAG_SO,
STR_FLAG_SR,
STR_FLAG_SS,
STR_FLAG_ST,
STR_FLAG_SV,
STR_FLAG_SX,
STR_FLAG_SY,
STR_FLAG_SZ,
STR_FLAG_TC,
STR_FLAG_TD,
STR_FLAG_TF,
STR_FLAG_TG,
STR_FLAG_TH,
STR_FLAG_TJ,
STR_FLAG_TK,
STR_FLAG_TL,
STR_FLAG_TM,
STR_FLAG_TN,
STR_FLAG_TO,
STR_FLAG_TR,
STR_FLAG_TT,
STR_FLAG_TV,
STR_FLAG_TW,
STR_FLAG_TZ,
STR_FLAG_UA,
STR_FLAG_UG,
STR_FLAG_UM,
STR_FLAG_US,
STR_FLAG_UY,
STR_FLAG_UZ,
STR_FLAG_VA,
STR_FLAG_VC,
STR_FLAG_VE,
STR_FLAG_VG,
STR_FLAG_VI,
STR_FLAG_VN,
STR_FLAG_VU,
STR_FLAG_WF,
STR_FLAG_WS,
STR_FLAG_YE,
STR_FLAG_YT,
STR_FLAG_ZA,
STR_FLAG_ZM,
STR_FLAG_ZW,
STR_FLAG_YU,
STR_FLAG_GDR,
STR_FLAG_SU,
STR_FLAG_EUROPE,
STR_FLAG_WRLD,
STR_POWER,
STR_POWER_STEAM,
STR_POWER_DIESEL,
STR_POWER_DIESEL_ELECTRIC,
STR_POWER_DIESEL_HYDRAULIC,
STR_POWER_ELECTRIC,
STR_POWER_ELECTRIC_AC,
STR_POWER_ELECTRIC_AC_15,
STR_POWER_ELECTRIC_AC_25,
STR_POWER_ELECTRIC_DC,
STR_POWER_ELECTRIC_DC_600,
STR_POWER_ELECTRIC_DC_750,
STR_POWER_ELECTRIC_DC_1200,
STR_POWER_ELECTRIC_DC_1500,
STR_POWER_ELECTRIC_DC_3000,
STR_POWER_TURBINE,
STR_POWER_BATTERY,
STR_POWER_MAGLEV,
STR_POWER_METRO,
STR_LIVERY_COMPANY_2CC,
STR_LIVERY_COMPANY_RANDOM_1CC,
STR_LIVERY_COMPANY_RANDOM_2CC,
,
,
str_mglv_maglev_wagon_powered,
str_mglv_maglev_wagon_unpowered,磁浮车厢 (无动力)
str_mglv_china_transrapid,上海磁浮
str_mglv_japan_mlx01_901,日铁MLX01-901
,
str_rbs_austria_nolb_1,下奥地利铁路NOLB 1
str_rbs_italy_fs_86,意铁FS 86
str_rbs_australia_victorian_railways_rowan_railmotor,维多利亚铁路
str_rbs_switzerland_uebb_czm_1_2,尤-宝铁路
str_rbs_germany_bavarian_mcci,皇家巴伐利亚铁路 MCCi
str_rbs_south_africa_csar_railmotor,南非中央铁路CSAR Railmotor
str_rbs_australia_victorian_railways_motor_car_3,维多利亚铁路
str_rbs_austria_kkstb_4_0,帝国皇家铁路
str_rbs_gemany_hessian_ludwig_railway_type_thomas,
str_rbs_austria_nolb_30_33,
,
,
str_rbd_australia_victorian_railways_aec_rm1,维多利亚铁路
str_rbd_germany_db_vt_133,德铁 VT 133 ‘维斯玛铁路巴士’
str_rbd_united_kingdom_gwr_aec_railcar,大西部铁路
str_rbd_austria_obb_5042,奥铁 OBB5042
str_rbd_new_zealand_nzr_rm31,新西兰铁路NZR RM31
str_rbd_portugal_cp_0100,葡铁CP 0100
str_rbd_usa_amtrak_budd_rdc,美铁Amtrak Budd RDC
str_rbd_germany_db_vt_989,德铁 VT98.9/789 '乌丁根铁路巴士'
str_rbd_germany_ohe_520_gdt,东汉诺威铁路
str_rbd_netherlands_ns_20_kameel,荷铁NS 20 'Kameel'
str_rbd_netherlands_ns_dh1,荷铁NS DH1
str_rbd_austria_obb_5047,奥铁OBB 5047
str_rbd_united_kingdom_br_153_super_sprinter,英铁BR 153 'Super Sprinter'
str_rbd_czech_republic_cd_809,捷克铁路CD 809
str_rbd_germany_db_670,德铁DB 670
str_rbd_lithuania_lithuanian_railways_ar2,立陶宛铁路 AR2
str_rbd_austria_kkstb_19,帝国皇家铁路
str_rbd_usa_virginia_truckee_motor_car_22,弗-特铁路
str_rbd_germany_saxon_det_1_2,皇家撒克逊
str_rbd_uk_wc_pr_drewry_railcar,韦-克-波铁路
str_rbd_germany_bst_6001,蓝星列车
str_rbd_australia_victorian_railways_derm,维多利亚铁路
str_rbd_czech_republic_cd_m120,捷克铁路CD M120
str_rbd_germany_schienenzeppelin,
str_rbd_denmark_dsb_mo,丹铁DSB MO
str_rbd_norway_nsb_cmb_17,挪铁NSB Cmb 17
str_rbd_czech_republic_cd_m290,捷克铁路CD M290
str_rbd_netherlands_ns_ombc,荷铁NS omBC 2900
str_rbd_australia_nswgr_class_400,新南威尔士铁路
str_rbd_portugal_cp_usd_9050,葡铁CP USD 9050
str_rbd_belgium_sncb_class_42,比铁SNCB 42
str_rbd_bulgaria_bdz_19,保加利亚铁路BDZ 19
str_rbd_greece_ose_aa71,希腊铁路组织OSE AA.71
str_rbd_tunisia_sncft_z431,突尼斯国铁SNCFT Z431
str_rbd_usa_amtrak_spv_200,美铁Amtrak SPV-200
str_rbd_finland_vr_dm12,芬铁VR Dm12
str_rbd_czech_republic_cd_840,捷克铁路CD 840
str_rbd_italy_fs_aln_668,意铁FS ALn 668
str_rbd_japan_jr_shikoku_1000,日铁JR Shikoku 1000
str_rbd_japan_jr_kiha_e120,日铁JR KiHa E120
str_rbd_chile_efe_buscarril,智铁EFE Buscarril
str_rbd_argentina_fcpba_m_railcar,布宜诺斯艾利斯省铁路
str_rbd_eritrea_eritrean_railway_a62_70_littorina,厄立特里亚铁路 A.62-70 '滨螺'
str_rbd_finland_vr_dm7,芬铁VR Dm7
str_rbd_russia_rzd_ach2,俄铁RZD ACh2
,
,
str_rbe_czech_republic_cd_m400,捷克铁路CD M400
str_rbe_france_sncf_z_7100,法铁SNCF Z 7100
str_rbe_germany_buckower_kleinbahn_nr_1_3,布科窄轨 Nr. 1-3
str_rbe_germany_db_4792,德铁 DB 479.2
str_rbe_slovakia_zssk_490,斯洛伐克铁路ZSSK 49.0
str_rbe_italy_fs_ale_840,意铁FS ALe 840
str_rbe_italy_fg_ale_80,加格诺铁路
str_rbe_italy_fs_e623,意铁FS E.623
str_rbe_morocco_oncfm_zab1000,摩洛哥铁路ONCFM ZAB1000
str_rbe_poland_pkp_en81,葡铁PKP EN81
str_rbe_austria_obb_4855,奥铁OBB 4855
str_rbe_austria_mbs_et_10109,蒙塔丰铁路
str_rbe_germany_db_et_85,德铁 DB ET85/485
str_rbe_sweden_sj_x16,瑞典国铁SJ X16
str_rbe_usa_pennsylvania_railroad_silverliner_ii,宾州铁路
str_rbe_usa_septa_silverliner_v,宾州东南交通局
str_emu_usa_prr_mp54,宾州铁路
str_rbe_switzerland_ab_cfe_3_3,瑞铁AB CFe 3/3
str_rbe_switzerland_tpc_bvb_be_2_2,伊斯特拉铁路TPC BVB Be 2/2
str_rbe_switzerland_mvr_beh_2_4,蒙-沃-里铁路
str_rbe_spain_ferrocarril_de_soller_1_3,索勒铁路
str_rbe_japan_choshi_deha_1000,铫子电铁
,
,
str_steam_belgium_le_belge,
str_steam_usa_4_4_0_american,
str_steam_switzerland_sbb_ec_2_5,瑞铁SBB Ec 2/5
str_steam_usa_4_6_0_ten_wheeler,
str_steam_usa_2_8_0_consolidation,
str_steam_hungary_mav_377,匈铁MAV 377
str_steam_austria_kkstb_99,帝国皇家铁路
str_steam_uk_caledonian_railway_439,苏格兰铁路 439
str_steam_switzerland_sbb_a_3_5,瑞铁SBB A 3/5
str_steam_switzerland_sbb_e_3_3,瑞铁SBB E 3/3
str_steam_austria_kkstb_299,帝国皇家铁路
str_steam_new_zealand_nzr_x_class,新西兰铁NZR X
str_steam_croatia_hz_51,克铁HZ 51
str_steam_italy_fs_880,意铁FS 880
str_steam_argentina_fcnea_11b_2_8_0,阿根廷东北铁路FCNEA 11B 2-8-0
str_steam_france_sncf_140c,法铁SNCF 140C
str_steam_france_sncf_141ta,法铁SNCF 141TA
str_steam_uk_gwr_4900,大西部铁路
str_steam_uk_gwr_5700,大西部铁路
str_steam_netherlands_ns_6300,荷铁NS 6300
str_steam_usa_at_sf_5000,圣塔菲铁路
str_steam_germany_prussian_s10,德铁DB 17.0-1 '普鲁士人S 10'
str_steam_uk_lms_5mt_black_five,伦敦米德兰苏格兰铁路LMS 5MT 'Black Five'
str_steam_russia_rzd_9p,俄铁RZD 9P
str_steam_uk_lner_a4_gresley,伦敦东北铁路LNER A4 'Gresley'
str_steam_canada_cpr_royal_hudson,加拿大太平洋铁路CPR 'Royal Hudson'
str_steam_denmark_dsb_e,丹铁DSB E
str_steam_germany_db_52,德铁DB 52
str_steam_uk_lner_a1_peppercorn,伦敦东北铁路LNER A1 'Peppercorn'
str_steam_south_africa_sar_25,南非铁SAR 25
str_steam_russia_rzd_p36,俄铁RZD P36
str_steam_france_sncf_150b,法铁SNCF 150B
str_steam_italy_fs_895,意铁FS 895
str_steam_poland_pkp_okz32,波铁PKP OKz32
str_steam_switzerland_sbb_c_5_6,瑞铁SBB C 5/6
str_steam_usa_up_4000_big_boy,联合太平洋铁路
str_steam_netherlands_nrs_11,荷铁NRS 11
str_steam_uk_gwr_iron_duke_class,大西部铁路
str_steam_australia_sidney_railway_locomotive_no1,悉尼铁路机车 No.1
str_steam_usa_central_pacific_4_2_2,中央太平洋铁路 4-2-2
str_steam_netherlands_ns_700,荷铁NS 700
str_steam_south_africa_natal_government_railways_2_6_0t,纳塔尔政府铁路
str_steam_australia_nswgr_z25_class,新南威尔士铁路
str_steam_canada_canadian_pacific_374,加拿大太平洋铁路 374
str_steam_south_africa_ppr_35_tonner_4_6_0t,比-彼铁路
str_steam_spain_renfe_class_040,西铁RENFE 040
str_steam_germany_saxon_iv_k,DB 99.51-60 ‘皇家撒克逊 IV K’
str_steam_germany_prussian_s_3,皇家普鲁士铁路
str_steam_norway_nsb_class_xxi,挪国铁NSB XXI
str_steam_usa_prr_d16,宾州铁路
str_steam_netherlands_ns_8100,荷铁NS 8100
str_steam_south_africa_sar_md_class,南非铁SAR MD
str_steam_angola_south_west_african_2_8_0,西南非洲
str_steam_uk_lner_n7,伦敦东北铁路LNER N7
str_steam_germany_saxon_xx_hv,德铁 19.0 ‘皇家撒克逊 XX HV’
str_steam_belgium_nmbs_type_7,比铁NMBS Type 7
str_steam_ireland_dser_15,都柏林和东南铁路
str_steam_usa_sierra_railroad_28,塞拉利昂铁路
str_steam_canada_cn_u_1_class,加国铁CN U-1
str_steam_india_indian_railways_xb_class,印铁 XB
str_steam_iraq_iraqi_state_railways_pc_class,伊拉克铁路PC
str_steam_egypt_enr_1100,埃国铁ENR 1100
str_steam_uk_gwr_1600_class,大西部铁路
str_steam_australia_victorian_railways_r_class,维多利亚铁路
str_steam_germany_db_9977_79,德铁 DB 99.77-79
str_steam_germany_db_18_201,德铁 18 201
str_steam_new_zealand_nzr_wab,新西兰铁路NZR WAB
str_steam_australia_nswgr_d57,新南威尔士铁路
str_steam_australia_south_australian_railways_520,南澳大利亚铁路 520
str_steam_australia_nswgr_ad60,新南威尔士铁路
str_steam_uruguay_afe_n1_2_6_0,乌拉圭国家铁路局AFE N1 2-6-0
str_steam_argentina_fcca_ps11,中央安蒂诺
str_steam_south_africa_harbour_board_el_0_4_0,港务局 EL 0-4-0
str_steam_mozambique_beira_railway_br6_f2_falcon,贝拉铁路
str_steam_eritrea_eritrean_railway_r440,厄立特里亚铁路
str_steam_kenya_east_african_railway_23,东非铁路 23
str_steam_kenya_east_african_railway_21,东非铁路 21
str_steam_zimbabwe_zimbabwe_railways_15,津巴布韦铁路 15
str_steam_south_africa_sar_gma_4_8_2_2_8_4,南非铁SAR GMA 4-8-2+2-8-4
str_steam_kenya_east_african_railway_31,东非铁路 31
str_steam_india_fairy_queen,精灵女王
str_steam_india_dhr_b,大吉岭喜马拉雅铁路
str_steam_china_china_railways_h,中铁 H
str_steam_russia_rzd_u,俄铁RZD U
str_steam_russia_rzd_e,俄铁RZD E
str_steam_israel_israel_railways_h,以色列铁路 H
str_steam_italy_fs_480,意铁FS 480
str_steam_italy_fs_691,意铁FS 691
str_steam_greece_sek_lb,希腊国铁SEK Lb
str_steam_albania_hsh_01,阿尔巴尼亚铁路HSH 01
str_steam_spain_renfe_242f,西铁RENFE 242F
str_steam_czech_republic_cd_5341,捷克铁路CD 534.1
str_steam_poland_pkp_ok22,波铁PKP Ok22
str_steam_croatia_hz_11,克铁HZ 11
str_steam_hungary_mav_242,匈铁MAV 242
str_steam_czech_republic_cd_4590,捷克铁路CD 459.0
str_steam_poland_pkp_oi49,波铁PKP OI49
str_steam_austria_kkstb_310,帝国皇家铁路
str_steam_usa_southern_pacific_gs_4_daylight,南太平洋铁路 GS-4 '昼光'
str_steam_ireland_gs_wr_101,大西南铁路
str_steam_usa_nyc_h_6a_light_mikado,纽约中央铁路NYC H-6A 'Light Mikado'
str_steam_argentina_fcgr_315,
str_steam_australia_nswgr_c35,新南威尔士铁路
str_steam_belgium_nmbs_sncb_type_29,比铁NMBS/SNCB Type 29
str_steam_chile_fcab_4_8_2,安-智铁路
str_steam_china_railways_qj,中铁 前进型QJ
str_steam_switzerland_rhb_g_3_4,雷蒂亚铁路
str_steam_japan_jnr_class_e10,日国铁JNR E10
str_steam_japan_jnr_7100,日国铁JNR 7100
str_steam_japan_jnr_860,日国铁JNR 860
str_steam_japan_jnr_9600,日国铁JNR 9600
str_steam_japan_jnr_d50,日国铁JNR D50
str_steam_south_africa_katanga_mikado_2_8_2,
str_steam_mozambique_mozambique_railways_no_101,
str_steam_ivory_coast_golwe_2_6_0_0_6_2t,
,
,
str_diesel_germany_db_kof_ii,德铁 Kof II/322
str_diesel_usa_cnj_alco_ge_ir_boxcab,新泽西中央铁路CNJ ALCo-GE-IR Boxcab
str_diesel_netherlands_ns_200,荷铁NS 200 'Sik'
str_diesel_germany_db_270,德铁DB V 20 / DB 270 'WR 200 B 14'
str_diesel_switzerland_sbb_am_4_6,瑞铁SBB Am 4/6
str_diesel_australia_nswgr_79,新南威尔士铁路
str_diesel_usa_western_pacific_alco_s_2,西太平洋铁路
str_diesel_usa_at_sf_emd_f3,大北方铁路
str_diesel_usa_up_emd_e8,联合太平洋铁路
str_diesel_brazil_efcb_alco_rs_3,巴西中央铁路EFCB ALCO RS-3
str_diesel_netherlands_ns_600,荷铁NS 600 'Bakkie'
str_diesel_usa_pennsylvania_railroad_rf_16_sharknose,宾州铁路
str_diesel_uruguay_afe_1500,乌拉圭国家铁路局AFE 1500
str_diesel_canada_cpr_trainmaster,加拿大太平洋铁路CPR 'Trainmaster'
str_diesel_liberia_liberia_railways_class_08,利比里亚铁路 08
str_diesel_austria_obb_2060,奥铁OBB 2060
str_diesel_canada_cnr_sw1200,加国铁CNR SW1200
str_diesel_canada_via_rail_fp9,维亚铁路
str_diesel_hungary_mav_m44,匈铁MAV M44
str_diesel_hungary_mav_m28,匈铁MAV M28
str_diesel_belgium_nmbs_sncb_83,比铁NMBS/SNCB 83
str_diesel_germany_db_220,德铁 V200.0/220
str_diesel_usa_amtrak_fl9,美铁Amtrak FL9
str_diesel_czech_republic_cd_720_chme2,捷克铁路CD 720 ChME2
str_diesel_finland_vr_dr12,芬铁VR Dr12
str_diesel_romania_cfr_060_da,罗铁CFR 060-DA
str_diesel_brazil_bf_emd_gl8,巴西铁路BF EMD GL8
str_diesel_brazil_efvm_ml4000,胜利煤矿铁路
str_diesel_russia_rzd_tep60,俄铁RZD TEP60
str_diesel_belgium_nmbs_sncb_62,比铁NMBS/SNCB 62
str_diesel_denmark_dsb_mak_100,丹铁DSB MaK 100
str_diesel_india_indian_railways_wdm_2,印铁IR WDM-2
str_diesel_uk_br_14,英铁BR 14
str_diesel_russia_rzd_chme3,俄铁RZD ChME3
str_diesel_argentina_mf_gm_emd_j16cw_ac,地中海铁路工业
str_diesel_russia_rzd_m62,俄铁RZD M62
str_diesel_australia_nswgr_422,新南威尔士铁路
str_diesel_egypt_enr_g22w,埃及国铁ENR G22W
str_diesel_usa_up_emd_dda40x,联合太平洋铁路
str_diesel_australia_queensland_rail_2100,昆士兰铁路
str_diesel_croatia_hz_2062,克铁HZ 2062
str_diesel_sweden_sj_v4,瑞典国铁SJ V4
str_diesel_canada_cnr_mlw_m420w,加国铁CNR MLW M420W
str_diesel_usa_amtrak_sdp_40f,美铁Amtrak SDP-40F
str_diesel_china_china_railways_dfh3,中铁CR 东方红3型DFH3
str_diesel_panama_panama_canal_railway_emd_f40ph,巴拿马运河铁路 EMD F40PH
str_diesel_portugal_cp_1900,葡铁CP 1900
str_diesel_finland_vr_dr16,芬铁VR Dr16
str_diesel_russia_rzd_tep80,俄铁RZD TEP80
str_diesel_australia_australian_national_an,澳铁 AN
str_diesel_usa_amtrak_p42dc_genesis,美铁Amtrak P42DC 'Genesis'
str_diesel_turkey_tcdd_dh7000,土铁TCDD DH7000
str_diesel_argentina_mf_ge_u20c,地中海铁路工业
str_diesel_belgium_nmbs_sncb_7800,比铁NMBS/SNCB 7800
str_diesel_uk_br_66,英铁BR 66
str_diesel_uk_br_67,英铁BR 67
str_diesel_iran_rai_de43ca_prima,伊朗铁路RAI DE43CA 'Prima'
str_diesel_ukraine_uz_tep150,乌克兰铁路UZ TEP150
str_diesel_china_china_railways_hxn5,中铁CR 和谐5型HXN5
str_diesel_germany_db_261_gravita_10bb,德铁 DB 261 'Gravita 10BB'
str_diesel_russia_rzd_gt1,俄铁RZD GT1
str_diesel_china_mtr_8000,港铁
str_diesel_germany_hvle_v490,哈维铁路
str_diesel_russia_rzd_emch_3,俄铁RZD Emch-3
str_diesel_canada_cnr_9000,加国铁CNR 9000
str_diesel_uk_lms_7051_diesel_shunter,伦敦米德兰苏格兰铁路LMS 7051 内燃调车机车
str_diesel_usa_rock_island_emc_ta,芝-诺-太铁路
str_diesel_usa_nyc_baldwin_vo_660,纽约中央铁路NYC Baldwin VO-660
str_diesel_uk_br_class_d3_7,英铁BR D3/7
str_diesel_australia_queensland_railways_dl_class,昆士兰铁路
str_diesel_usa_prr_fm_h_10_44,宾州铁路
str_diesel_algeria_sntf_baldwin_drs6_4_1000,阿尔及利亚国铁SNTF Baldwin DRS6-4-1000
str_diesel_ireland_cie_113,爱尔兰交运CIE 113
str_diesel_brazil_efc_3300_baldwin_as_616,巴西中央铁路EFC 3300 Baldwin AS-616
str_diesel_mexico_chp_500_fm_h_16_44,墨国铁CHP 500 FM H-16-44
str_diesel_australia_south_australian_railways_900,南澳大利亚铁路 900
str_diesel_sri_lanka_sri_lanka_railways_m2,斯里兰卡铁路 M2
str_diesel_ireland_cie_001,爱尔兰交运CIE 001
str_diesel_italy_fs_d341,意铁FS D.341
str_diesel_australia_nswgr_44,新南威尔士铁路
str_diesel_zimbabwe_zimbabwe_railways_dh_1,津巴布韦铁路 DH-1
str_diesel_south_korea_korail_6000_emd_sd18,韩铁Korail 6000 EMD SD18
str_diesel_italy_fs_d345,意铁FS D.345
str_diesel_norway_nsb_di4,挪铁NSB Di4
str_diesel_china_china_railways_df8,中铁CR 东风8型DF8
str_diesel_australia_pacific_national_g_class,太平洋国铁
str_diesel_uk_br_60,英铁BR 60
str_diesel_australia_westrail_p_class,西澳官营铁路
str_diesel_saudi_arabia_saudi_railways_4000_emd_sd70acs,沙特铁路 4000 EMD SD70ACS
str_diesel_ireland_ie_201,爱尔兰铁路IE 201
str_diesel_usa_metrolink_emd_f59ph,南加州都会铁道
str_diesel_france_sncf_461000,法铁SNCF BB 461000
str_diesel_italy_act_d_200,ACT D 200
str_diesel_canada_go_transit_mp40ph_3c,Go运输
str_diesel_spain_renfe_class_334,西铁RENFE 334
str_diesel_indonesia_indonesia_railways_cc300,印尼铁 CC300
str_diesel_argentina_great_southern_railway_dh501,大南方铁路
str_diesel_brazil_ee_vfflb,东巴西铁路联盟EE VFFLB
str_diesel_chile_efe_ge_u5b,智铁EFE GE U5B
str_diesel_peru_ferrocarril_central_andino_alco_rsd_39,中央安蒂诺铁路
str_diesel_brazil_efvm_emd_ddm45,胜利煤矿铁路
str_diesel_peru_ferrocarril_central_andino_ge_c39_8,中央安蒂诺铁路
str_diesel_argentina_sofse_3193,国营铁路商会
str_diesel_argentina_sofse_cnr_ckd8,国营铁路商会
str_diesel_south_africa_sar_ds,南非铁SAR DS
str_diesel_algeria_sntf_040_dg,阿尔及利亚国铁SNTF 040 DG
str_diesel_tunisia_sncft_040_df,突尼斯国铁SNCFT 040 DF
str_diesel_egypt_enr_te114e,埃国铁ENR TE114E
str_diesel_tunisia_sncft_040_dj,突尼斯国铁SNCFT 040 DJ
str_diesel_morocco_oncf_df_100,摩洛哥铁路ONCF DF 100
str_diesel_ukraine_uz_tep10l,乌克兰铁路UZ TEP10L
str_diesel_belarus_bch_2te10m,白俄罗斯铁路BCh 2TE10M
str_diesel_poland_pkp_sp32,波铁PKP SP32
str_diesel_ukraine_uz_2te126,乌克兰铁路UZ 2TE126
str_diesel_ukraine_uz_2te10ut,乌克兰铁路UZ 2TE10Ut
str_diesel_serbia_zs_621,塞尔维亚铁路ZS 621
str_diesel_italy_fs_207,意铁FS 207
str_diesel_russia_rzd_db,俄铁RZD Db
str_diesel_portugal_cp_1500,葡铁CP 1500
str_diesel_france_sncf_bb_67400,法铁SNCF BB 67400
str_diesel_netherlands_ns_6400,荷铁NS 6400
str_diesel_egypt_enr_2400_ge_es40aci,埃及国铁ENR 2400 GE ES40ACi
str_diesel_south_africa_sar_afro_4000,南非铁SAR Afro 4000
str_diesel_spain_renfe_308,西铁RENFE 308
str_diesel_australia_pacific_national_xr_xrb,太平洋国铁
str_diesel_norway_cargonet_312,货运铁网
str_diesel_australia_pacific_national_92,太平洋国铁
str_diesel_uk_br_68,英铁BR 68
str_diesel_usa_amtrak_charger,美铁Amtrak Charger
str_diesel_japan_jnr_df50,日国铁JNR DF50
str_diesel_gabon_alsthom_ad30b,
str_diesel_ghana_railway_corporation_class_tt12,
str_diesel_sierra_leone_lamco_301_series,
str_diesel_congo_alstom_bb_bb,
str_diesel_zimbabwe_sorefame_de8,
str_diesel_ivory_coast_gmd_gt22lc2,
str_electric_tanzania_trc_e6800,
,
,
str_mtro_argentina_le_brugeoise,布宜诺斯 'Le Brugeoise'
str_mtro_usa_ny_r1,纽约 R1
str_mtro_germany_db_et_171,德铁DB ET 171 / DB 471
str_mtro_france_paris_m2_840,巴黎 M2 840
str_mtro_portugal_lisbon_ml7,里斯本 ML7
str_mtro_hungary_budapest_ev3_200,布达佩斯 Ev3-200
str_mtro_norway_oslo_t1000,奥斯陆 T1000
str_mtro_canada_toronto_h_series,多伦多 H-series
str_mtro_germany_munchen_mvg_a2,慕尼黑 MVG A2
str_mtro_usa_ny_r44,纽约 R44
str_mtro_netherlands_amsterdam_type_m1,阿姆斯特丹 M1
str_mtro_sweden_stockholm_c8,斯德哥尔摩 C8
str_mtro_north_korea_pyongyang_d_stock,平壤 D stock
str_mtro_finland_helsinki_m100,赫尔辛斯 M100
str_mtro_brazil_sao_paulo_serie_5500,圣保罗 Serie 5500
str_mtro_russia_moscow_81_720,莫斯科 81-720
str_mtro_japan_tokyo_s01,东京 S01
str_mtro_egypt_cairo_1987_stock,开罗 1987 Stock
str_mtro_uk_dlr_p86,道克兰轻轨
str_mtro_russia_moscow_81_7175m,莫斯科 81-717.5M
str_mtro_usa_boston_01800,波士顿 01800
str_mtro_usa_la_a650,洛杉矶 A650
str_mtro_taiwan_taipei_c301,台北 C301
str_mtro_netherlands_amsterdam_caf_90,阿姆斯特丹 CAF 90
str_mtro_france_paris_mp89,巴黎 MP89
str_mtro_russia_moscow_81_740,莫斯科 81-740
str_mtro_singapore_singapore_c830_metropolis,新加坡 C830 'Metropolis'
str_mtro_norway_oslo_mx3000,奥斯陆 MX3000
str_mtro_japan_osaka_30000,大阪 30000
str_mtro_singapore_singapore_c151a,新加坡 C151A
str_mtro_usa_washington_7000,华盛顿 7000
str_mtro_greece_thessaloniki_2014,塞萨洛尼基
str_mtro_germany_berlin_u_bahn_a_i,柏林 U-Bahn A I
str_mtro_usa_ny_hedley_hi_v,纽约 Hedley Hi-V
str_mtro_japan_osaka_1000,大阪1000
str_mtro_russia_moscow_type_a,莫斯科 Type A
str_mtro_usa_ny_r10,纽约 R10
str_mtro_italy_rome_mr_100,罗马 MR 100
str_mtro_russia_moscow_type_d,莫斯科 Type D
str_mtro_netherlands_rotterdam_mg2_type_m,鹿特丹MG2 Type M
str_mtro_czech_republic_prague_ecs_set,布拉格 ECS Set
str_mtro_argentina_buenos_aires_serie_1200,布宜诺斯 Serie 1200
str_mtro_chile_santiago_ns_93,圣地亚哥 NS-93
str_mtro_chile_santiago_as_2002,圣地亚哥 AS-2002
str_mtro_brazil_recife_vlt_mobile_3,累西腓 VLT Mobile 3
str_mtro_spain_madrid_series_5000,马德里 Series 5000
str_mtro_italy_rome_s_300,罗马 S/300
str_mtro_algeria_algiers_caf_2011_stock,阿尔及尔 CAF 2011 Stock
str_mtro_germany_berlin_u_bahn_ik,柏林 U-Bahn IK
str_mtro_usa_chicago_l_6000,芝加哥 L 6000 Series
str_mtro_uk_london_1903_stock,伦敦 1903 Stock
str_mtro_uk_london_1938_stock,伦敦 1938 Stock
str_mtro_metro_wagon_powered,
str_mtro_metro_wagon_unpowered,城轨车厢
str_mtro_usa_brooklyn_union_gate_car,
,
,
str_electric_uk_ner_ef1,东北铁路
str_electric_japan_jnr_eb10,日国铁JNR EB10
str_electric_japan_jnr_ef55,日国铁JNR EF55
str_electric_netherlands_ns_1000,荷铁NS 1000
str_electric_netherlands_ns_1600,荷铁NS 1600
str_electric_australia_victorian_railways_e_class,维多利亚铁路
str_electric_uk_ner_es1,东北铁路
str_electric_usa_nyc_s_motor,纽约中央铁路 NYC S-motor
str_electric_japan_aichi_railroad_deki_400,爱知县铁路
str_electric_india_indian_railways_wcg_1,印铁IR WCG-1
str_electric_france_sncf_bb_9004,法铁SNCF BB 9004
str_electric_indonesia_ess_3200,
str_electric_uk_br_77_metrovic,英铁BR 77 'Metrovic'
str_electric_uk_ner_ee1,东北铁路
str_electric_usa_milwaukee_road_es_2,密尔沃基铁路
str_electric_usa_milwaukee_road_ep_2_bipolar,密尔沃基铁路
str_electric_chile_efe_e_28,智铁EFE E-28
str_electric_italy_fs_e428,意铁FS E.428
str_electric_south_africa_sar_es_class,南非铁SAR ES
str_electric_poland_pkp_eu06,波铁PKP EU06
str_electric_poland_pkp_et41,波铁PKP ET41
str_electric_poland_pkp_ep09,波铁PKP EP09
str_electric_slovakia_zssk_162,斯洛伐克铁路ZSSK 162
str_electric_italy_fs_e646,意铁FS E.646
str_electric_italy_fs_e424,意铁FS E.424
str_electric_italy_fs_e444,意铁FS E.444
str_electric_italy_fs_e633,意铁FS E.633
str_electric_belgium_nmbs_class_255,比铁NMBS 25.5
str_electric_spain_renfe_250,西铁RENFE 250
str_electric_chile_efe_e_29,智铁EFE E-29
str_electric_chile_efe_e_17,智铁EFE E-17
str_electric_morocco_oncf_e_700,摩洛哥铁路ONCF E 700
str_electric_india_indian_railways_wcm_1,印铁IR WCM-1
str_electric_south_africa_sar_e38,南非铁SAR E38
str_electric_chile_efe_e_269,智铁EFE E-269
str_electric_czech_republic_cd_363,捷克铁路CD 363
str_electric_norway_nsb_el7,挪铁NSB EL7
str_electric_usa_pennsylvania_railroad_ff_1,宾州铁路
str_electric_austria_obb_1161,奥铁OBB 1161
str_electric_germany_db_169,德铁DB E 69 05 / DB 169 005
str_electric_norway_nsb_el10,挪铁NSB EL10
str_electric_germany_db_104,德铁DB E04 / 104
str_electric_usa_pennsylvania_railroad_gg_1,宾州铁路
str_electric_austria_obb_1020_crocodile,奥铁OBB 1020 'Crocodile'
str_electric_germany_db_1031,德铁DB 103.1
str_electric_germany_db_e_919,德铁 DB E 91.9 / 191.9
str_electric_switzerland_bls_ce_4_4,瑞铁BLS Ce 4/4
str_electric_switzerland_sbb_ae_6_6,瑞铁SBB Ae 6/6
str_electric_switzerland_sbb_re460_lok_2000,瑞铁SBB Re460 'Lok 2000'
str_electric_switzerland_sbb_eem_923,瑞铁SBB Eem 923
str_electric_austria_obb_1044,奥铁OBB 1044
str_electric_austria_obb_1063,奥铁OBB 1063
str_electric_sweden_mtab_dm3,卢卡矿业MTAB Dm3
str_electric_sweden_mtab_iore,卢卡矿业MTAB IORE
str_electric_sweden_sj_o_class,瑞典国铁SJ O
str_electric_sweden_sj_f_class,瑞典国铁SJ F
str_electric_norway_nsb_el17,挪铁NSB EL17
str_electric_germany_prussian_es_6,
str_electric_usa_virginian_railway_el_2b,弗吉尼亚铁路 EL-2B
str_electric_usa_gn_w_1,大北方铁路
str_electric_usa_prr_b1,宾州铁路
str_electric_australia_aurizon_e40_ag_v1,Aurizon
str_electric_china_china_railways_ss6,中铁CR 韶山6型SS6
str_electric_china_china_railways_ss3,中铁CR 韶山3型SS3
str_electric_china_china_railways_hxd3,中铁CR 和谐电3型HXD3
str_electric_china_china_railways_hxd1d,中铁CR 和谐电1D HXD1D
str_electric_china_china_railways_6k,中铁CR 6K型
str_electric_usa_prr_e44,宾州铁路
str_electric_croatia_hz_1141,克铁HZ 1141
str_electric_hungary_mav_class_v43,匈铁MAV V43
str_electric_portugal_cp_2500,葡铁CP 2500
str_electric_portugal_cp_2600,葡铁CP 2600
str_electric_south_africa_sar_20e,南非铁SAR 20E
str_electric_south_korea_korail_8200,韩铁Korail 8200
str_electric_ukraine_uz_ds3,乌克兰铁路UZ DS3
str_electric_czech_republic_cd_s499,捷克铁路CD S499
str_electric_italy_fs_e491,意铁FS E.491
str_electric_macedonia_macedonian_railways_462,马其顿铁路 462
str_electric_morocco_oncfm_e_500,摩洛哥铁路ONCFM E 500
str_electric_uk_br_85,英铁BR 85
str_electric_mexico_fnm_ge_e60c_2,墨国铁FNM GE E60C-2
str_electric_morocco_oncf_e_1400_prima_ii,摩洛哥铁路ONCF E 1400 'Prima II'
str_electric_new_zealand_nzr_ea,新西兰铁路NZR EA
str_electric_canada_bc_rail_gf6c,不列颠哥伦比亚
str_electric_france_sncf_bb_22200,法铁SNCF BB 22200
str_electric_france_sncf_bb_26000,法铁SNCF BB 26000
str_electric_france_sncf_bb_25500,法铁SNCF BB 25500
str_electric_germany_db_182_es64u_taurus,德铁DB 182 ES64U 'Taurus'
str_electric_japan_jr_eh500,日铁JR EH500
str_electric_usa_amtrak_emd_aem_7,美铁Amtrak EMD AEM-7
str_electric_usa_amtrak_hhp_8,美铁Amtrak HHP-8
str_electric_czech_republic_cd_380,捷克铁路CD 380
str_electric_spain_renfe_252,西铁RENFE 252
str_electric_germany_db_185_traxx_f140,德铁DB 185 TRAXX F140
str_electric_italy_fs_e550,意铁FS E.550
str_electric_japan_jnr_ef81,日国贴JNR EF81
str_electric_uk_br_92,英铁BR 92
str_electric_usa_amtrak_acs_64,美铁Amtrak ACS-64
str_electric_france_sncf_cc_40100,法铁SNCF CC 40100
str_electric_belgium_nmbs_sncb_13_hle,比铁NMBS/SNCB 13 HLE
str_electric_switzerland_rhb_de_2_2,雷蒂亚铁路
str_electric_japan_jnr_eh10,日国体JNR EH10
str_electric_japan_jnr_ef64,日国铁JNR EF64
str_electric_new_zealand_nzr_eo_class,新西兰铁路NZR EO
str_electric_australia_nswgr_71,新南威尔士铁路
str_electric_south_africa_sar_4e,南非铁SAR 4E
str_electric_south_africa_sar_5e1,南非铁SAR 5E1
str_electric_south_africa_sar_6e,南非铁SAR 6E
str_electric_switzerland_rhb_ge_4_4_i,雷蒂亚铁路
str_electric_switzerland_rhb_ge_6_6_krokodil,雷蒂亚铁路RhB Ge 6/6 'Krokodil'
str_electric_brasil_mrs_he_4_4,联邦铁路网
str_electric_south_africa_sar_7e,南非铁SAR 7E
str_electric_south_africa_sar_11e,南非铁SAR 11E
str_electric_new_zealand_tranzrail_ef,轨道列车
str_electric_russia_rzd_vl15,俄铁RZD VL15
str_electric_russia_rzd_vl11,俄铁RZD VL11
str_electric_russia_rzd_vl22m,俄铁RZD VL22M
str_electric_ukraine_uz_de1,克铁UZ DE1
str_electric_russia_rzd_chs3,俄铁RZD ChS3
str_electric_ukraine_uz_chs7,乌克兰铁路UZ ChS7
str_electric_brasil_rffsa_ge_c_c_4400,联邦铁路网
str_electric_russia_rzd_vl85,俄铁RZD VL85
str_electric_russia_rzd_vl41,俄铁RZD VL41
str_electric_india_indian_railways_wap_4,印铁IR WAP-4
str_electric_finland_vr_sr1,芬铁VR Sr1
str_electric_kazakhstan_ktz_kz4a,哈萨克铁路KTZ KZ4A
str_electric_kazakhstan_ktz_kz8a,哈萨克铁路KTZ KZ8A
str_electric_russia_rzd_ep20,俄铁RZD EP20
str_electric_congo_type_2450_acec_charleroi_zaire_electric,
,
,
str_dmu_germany_db_vt_040_flying_hamburger,德铁 VT 04.0 '飞天汉堡'
str_dmu_australia_nswgr_silver_city_comet,新南威尔士铁路
str_dmu_czech_republic_cd_m131,捷克铁路CD M131
str_dmu_germany_db_vt_085,德铁DB VT 08.5
str_dmu_australia_queensland_rail_400,昆士兰铁路
str_dmu_germany_db_vt_115,德铁DB VT11.5 / DB 601 'TEE'
str_dmu_netherlands_ns_plan_u_de_iii,荷铁NS Plan U DE-III
str_dmu_canada_cnr_turbo_train,加国铁CNR 'Turbo Train'
str_dmu_serbia_zs_811,塞尔维亚铁路ZS 811
str_dmu_uk_br_43_ic125,英铁BR 43 IC125
str_dmu_canada_via_rail_lrc,维亚铁路
str_dmu_sweden_sj_y2,瑞典国铁SJ Y2
str_dmu_spain_renfe_594_trd,西铁RENFE 594 TRD
str_dmu_uk_br_168,英铁BR 168
str_dmu_germany_db_612_regio_swinger,德铁DB 612 'Regio Swinger'
str_dmu_germany_db_642_desiro,德铁DB 642 'Desiro'
str_dmu_denmark_arriva_lint_41,抵达
str_dmu_norway_nsb_bm_93_talent,挪铁NSB BM 93 'Talent'
str_dmu_australia_transwa_prospector,西澳通Transwa WD ‘Prospector’
str_dmu_australia_cityrail_hunter_railcar,列车联线
str_dmu_russia_rzd_ra2,俄铁RZD RA2
str_dmu_denmark_dsb_ic4,丹铁DSB IC4
str_dmu_croatia_hz_7022,克铁HZ 7022
str_dmu_turkey_tcdd_mt_5500,土铁TCDD MT 5500
str_dmu_japan_jnr_kiha_181,日国铁JNR KiHa 181
str_dmu_czech_republic_cd_814,捷克铁路CD 814
str_dmu_uk_br_150_0_sprinter,英铁BR 150/0 'Sprinter'
str_dmu_iran_rai_141_pacer,伊朗铁路RAI 141 'Pacer'
str_dmu_israel_israel_railways_ic3,以色列铁路 IC3
str_dmu_australia_transadelaide_3100,阿德莱德运输 3100
str_dmu_australia_nswgr_xplorer,列车联线
str_dmu_japan_jr_kiha_189,日铁JR KiHa 189
str_dmu_sri_lanka_sri_lanka_railways_s11,斯里兰卡铁路 S11
str_dmu_slovakia_zssk_861,斯洛伐克铁路ZSSK 861
str_dmu_chile_efe_tld_500,智铁EFE TLD-500
str_dmu_cameroon_camrail_ze_500,喀麦隆铁路 ZE 500
str_dmu_uk_br_251_blue_pullman,英铁BR 251 '蓝色普尔曼'
str_dmu_australia_wagr_adk_adb,西澳政府铁路
str_dmu_france_sncf_x_4630,法铁SNCF X 4630
str_dmu_france_sncf_t_2000,法铁SNCF T 2000
str_dmu_netherlands_ns_dh2,荷铁NS DH2
str_dmu_germany_db_6282,德铁DB 628.2
str_dmu_algeria_sntf_zz_2200_autorail,阿尔及利亚国铁SNTF ZZ 2200 Autorail
str_dmu_tunisia_sncft_amt_800,突尼斯国铁SNCFT AMT 800
str_dmu_ghana_ghana_railways_demu,加纳铁路 DEMU
str_dmu_australia_queensland_rail_diesel_tilt_train,昆士兰铁路
str_dmu_canada_up_express_nippon_sharyo_dmu,联合太平洋铁路
str_dmu_argentina_fcgu_cmm_400_2,
str_dmu_italy_fs_aln_442_448,意铁FS ALn 442-448
str_dmu_portugal_cp_0400,葡铁CP 0400
str_dmu_portugal_cp_0600,葡铁CP 0600
str_dmu_spain_feve_2400_apollos,窄轨铁路
str_cargodmu_germany_db_691_cargosprinter,德铁DB 691 '货物短跑手'
str_mu_mu_cargo_wagon_powered,
str_mu_mu_cargo_wagon_unpowered,动车车厢
str_mu_mu_wagon_powered,动车车厢
str_mu_mu_wagon_unpowered,动车车厢
,
,
str_emu_australia_sydney_trains_a_set_waratah,悉尼列车
str_emu_denmark_dsb_s_tog_ii,丹铁DSB S-Tog II
str_emu_denmark_dsb_s_tog_iv,丹铁DSB S-Tog IV
str_emu_italy_atac_ecd_21_30,罗马交通ATAC ECD 21-30
str_emu_netherlands_ns_mat24,荷铁NS Mat'24
str_emu_netherlands_ns_mat36,荷铁NS Mat'36
str_emu_netherlands_ns_mat54,荷铁NS Mat'54
str_emu_netherlands_ns_plan_y,荷铁NS Plan Y
str_emu_netherlands_ns_icm_4000,荷铁NS ICM 4000
str_emu_netherlands_ns_dd_irm_virm,荷铁NS DD-IRM 'VIRM'
str_emu_netherlands_ns_mddm_390,荷铁NS mDDm 390
str_emu_poland_pkp_ew90,波铁PKP EW90
str_emu_italy_fs_etr200,意铁FS ETR.200
str_emu_italy_fs_etr300_settebello,意铁FS ETR.300 'Settebello'
str_emu_italy_fs_etr500,意铁FS ETR.500 'Frecciarossa'
str_emu_italy_fs_ale426,意铁FS ALe 426
str_emu_morocco_oncf_zmc,摩洛哥铁路ONCF ZMC
str_emu_poland_pkp_ew54,波铁PKP EW54
str_emu_italy_fs_ale_801,意铁FS ALe 801
str_emu_austria_obb_4030,奥铁OBB 4030
str_emu_austria_obb_4041,奥铁OBB 4041
str_emu_austria_westbahn_4010_kiss,西部铁路
str_emu_germany_db_et420,德铁DB ET420
str_emu_norway_nsb_bm73,挪铁NSB BM73
str_emu_norway_nsb_bm65,挪铁NSB BM65
str_emu_sweden_sj_x2000,瑞典国铁SJ X2000
str_emu_switzerland_sbb_rabde_510,瑞铁SBB RABDe 510
str_emu_switzerland_sbb_rbde_560,瑞铁SBB RBDe 560
str_emu_switzerland_sbb_rabe_523_flirt,瑞铁SBB RABe 523 'Flirt'
str_emu_usa_amtrak_budd_metroliner,美铁Amtrak Budd Metroliner
str_emu_germany_db_403_ice_3,德铁DB 403 ‘ICE3’
str_emu_bulgaria_bdz_10_desiro,保加利亚铁路BDZ 10 'Desiro'
str_emu_finland_vr_sm2,芬铁VR Sm2
str_emu_finland_vr_sm4,芬铁VR Sm4
str_emu_hungary_mav_bdvmot,匈铁MAV BDVmot
str_emu_europe_sureot,Sureot
str_emu_japan_jnr_shinkansen_series_0,日国铁JNR 新干线 Series 0
str_emu_japan_jr_shinkansen_series_700,日铁JR 新干线 Series 700
str_emu_japan_jr_shinkansen_series_e1_max,日铁JR 新干线 Series E1 Max
str_emu_luxembourg_cfl_2200_coradia_duplex,卢国铁CFL 2200 'Coradia Duplex'
str_emu_macedonia_macedonian_railways_412,马其顿铁路 412
str_emu_romania_cfr_58,罗铁CFR 58
str_emu_south_africa_gautrain_electrostar,豪登列车
str_emu_turkey_tcdd_e8000,土铁E8000
str_emu_china_railways_chr380a,中铁CR CRH380A
str_emu_italy_ntv_agv,新客运
str_emu_italy_ntv_agv_duplex,新客运
str_emu_netherlands_ns_hispeed_v250_albatros,荷铁NS Hispeed V250 'Albatros'
str_emu_netherlands_ns_4800_hsa,荷铁NS 4800 HSA
str_emu_switzerland_sbb_rae_tee_ii,瑞铁SBB Rae TEE II
str_emu_usa_erie_lackawanna_mu_cars,伊万铁路
str_emu_france_sncf_tgv_sud_est,法铁SNCF TGV Sud-Est
str_emu_france_sncf_tgv_duplex,法铁SNCF TGV Duplex
str_emu_france_thalys_pbka,标枪女神高铁
str_emu_czech_republic_cd_680_pendolino,捷克铁路CD 680 'Pendolino'
str_emu_spain_renfe_120,西铁RENFE 120
str_emu_usa_amtrak_acela_express,美铁Amtrak Acela Express
str_emu_japan_odakyu_3100_series_romance,小田急铁
str_emu_japan_odakyu_10000_series_romance,小田急铁
str_emu_australia_sydney_trains_s_set,悉尼列车
str_emu_australia_sydney_trains_oscars,悉尼列车
str_emu_australia_victorian_railways_swing_door,维多利亚铁路
str_emu_new_zealand_nzr_em_et_class,新西兰铁路NZR EM/ET
str_emu_south_africa_sar_5m2,南非铁SAR 5M2
str_emu_chile_efe_xtrapolis_100,智铁EFE X'Trapolis 100
str_emu_chile_efe_aes_railcar,智铁EFE AES Railcar
str_emu_tunisia_sncft_yz_e,突尼斯国铁SNCFT YZ-E
str_emu_australia_queensland_rail_tilt_train,昆士兰铁路
str_emu_russia_rzd_er200,俄铁RZD ER200
str_emu_russia_rzd_s,俄铁RZD S
str_emu_croatia_hz_6112,克铁HZ 6112
str_emu_russia_rzd_es1_lastochka,俄铁RZD ES1 '海燕'
str_cargoemu_japan_jr_freight_m250,
,
,
str_singlemtro_usa_brooklyn_union_gate_car,布鲁克林联合高架铁BRT Gate Car
str_singlemtro_hungary_budapest_1894_stock,布达佩斯 1894 Stock
str_singlemtro_usa_chicago_l_northwest_elevated_1907_stock,芝加哥L东北高架铁路CLNE 1907 Stock
str_singlemtro_germany_berlin_u_bahn_c_ii,柏林地铁 U-Bahn C II
,
,
str_rbm_world_turbobus,涡轮巴士
,
,
str_mglv_germany_db_182_es64um_mutus,
,
,
str_mglv_wagon_gen7m_boxcar_type1,
str_mglv_wagon_gen7m_boxcar_type2,
str_mglv_wagon_gen7m_car_transporter,
str_mglv_wagon_gen7m_centerbeam,
str_mglv_wagon_gen7m_container_carrier,
str_mglv_wagon_gen7m_container_doublestack,
str_mglv_wagon_gen7m_flatcar,
str_mglv_wagon_gen7m_gondola,
str_mglv_wagon_gen7m_heavy_flatcar,
str_mglv_wagon_gen7m_hopper_type1,
str_mglv_wagon_gen7m_hopper_type2,
str_mglv_wagon_gen7m_silo_type1,
str_mglv_wagon_gen7m_silo_type2,
str_mglv_wagon_gen7m_superheavy_flatcar,
str_mglv_wagon_gen7m_tanker,
str_mu_wagon_gen1_flat_wagon,1代平板车
str_mu_wagon_gen1_boxcar,1代木制棚车
str_mu_wagon_gen1_tanker,1代油罐车
str_mu_wagon_gen1_open_wagon,1代木制敞篷车
str_mu_wagon_gen2_flat_wagon,2代平板车
str_mu_wagon_gen2_boxcar_type1,2代木制棚车
str_mu_wagon_gen2_boxcar_type2,2代木制棚车
str_mu_wagon_gen2_tanker,2代油罐车
str_mu_wagon_gen2_open_wagon,2代木制敞篷车
str_mu_wagon_gen2_silo,2代筒仓车
str_mu_wagon_gen2_hopper,2代木制料斗
str_mu_wagon_gen3_flat_wagon,3代平板车
str_mu_wagon_gen3_boxcar_type1,3代木制棚车
str_mu_wagon_gen3_boxcar_type2,3代木制棚车
str_mu_wagon_gen3_tanker,3代油罐车
str_mu_wagon_gen3_open_wagon,3代敞篷车
str_mu_wagon_gen3_silo_type1,3代筒仓车
str_mu_wagon_gen3_silo_type2,3代筒仓车
str_mu_wagon_gen3_hopper,3代料斗车
str_mu_wagon_gen4_flatcar,4代平板车
str_mu_wagon_gen4_heavy_flatcar,4代重型平板车
str_mu_wagon_gen4_boxcar_type1,4代棚车
str_mu_wagon_gen4_boxcar_type2,4代棚车
str_mu_wagon_gen4_tanker,4代油罐车
str_mu_wagon_gen4_gondola,4代敞篷车
str_mu_wagon_gen4_silo_type1,4代筒仓车
str_mu_wagon_gen4_silo_type2,4代筒仓车
str_mu_wagon_gen4_hopper_type1,4代自卸料斗车
str_mu_wagon_gen4_hopper_type2,4代自卸料斗车
str_mu_wagon_gen4_car_transporter,4代转轨车
str_mu_wagon_gen4_container_carrier,4代集装箱车
str_mu_wagon_gen4_centerbeam,4代桁架平板车
str_mu_wagon_gen5_flatcar,5代平板车
str_mu_wagon_gen5_heavy_flatcar,5代重型平板车
str_mu_wagon_gen5_boxcar_type1,5代棚车
str_mu_wagon_gen5_boxcar_type2,5代棚车
str_mu_wagon_gen5_tanker,5代油罐车
str_mu_wagon_gen5_gondola,5代敞篷车
str_mu_wagon_gen5_silo_type1,5代筒仓车
str_mu_wagon_gen5_silo_type2,5代筒仓车
str_mu_wagon_gen5_hopper_type1,5代自卸料斗车
str_mu_wagon_gen5_hopper_type2,5代自卸料斗车
str_mu_wagon_gen5_car_transporter,5代转轨车
str_mu_wagon_gen5_container_carrier,5代集装箱车
str_mu_wagon_gen5_centerbeam,5代桁架平板车
str_mu_wagon_gen5_container_doublestack,5代双层集装箱车
str_mu_wagon_gen5_superheavy_flatcar,5代超级重型平板车
str_mu_wagon_gen6_flatcar,
str_mu_wagon_gen6_heavy_flatcar,
str_mu_wagon_gen6_boxcar_type1,
str_mu_wagon_gen6_boxcar_type2,
str_mu_wagon_gen6_tanker,
str_mu_wagon_gen6_gondola,
str_mu_wagon_gen6_silo_type1,
str_mu_wagon_gen6_silo_type2,
str_mu_wagon_gen6_hopper_type1,
str_mu_wagon_gen6_hopper_type2,
str_mu_wagon_gen6_car_transporter,
str_mu_wagon_gen6_container_carrier,
str_mu_wagon_gen6_centerbeam,
str_mu_wagon_gen6_container_doublestack,
str_mu_wagon_gen6_superheavy_flatcar,
str_mu_wagon_service_car_type1,路务车
str_mu_wagon_service_car_type2,路务车
,
,
str_mu_coach_gen1_wooden_2_axle_compartment_coach,木制2轴隔间客车
str_mu_coach_gen1_wooden_2_axle_regional_coach,木制2轴地区客车
str_mu_coach_gen1_wooden_2_axle_mail_coach,2轴木制邮车
str_mu_coach_gen1_clerestory_compartment_coach,带天窗隔间客车
str_mu_coach_gen1_clerestory_regional_coach,带天窗地区客车
str_mu_coach_gen1_clerestory_mail_coach,带天窗邮车
str_mu_coach_gen1_wooden_3_axle_compartment_coach,木制3轴隔间客车
str_mu_coach_gen1_wooden_3_axle_regional_coach,木制3轴地区客车
str_mu_coach_gen1_wooden_3_axle_mail_coach,3轴木制邮车
str_mu_coach_gen2_heavyweight_intercity_coach,重型城际客车
str_mu_coach_gen2_heavyweight_mail_coach,重型邮车
str_mu_coach_gen2_steel_intercity_coach,钢制城际客车
str_mu_coach_gen2_steel_compartment_coach,钢制隔间客车
str_mu_coach_gen2_steel_regional_coach,钢制地区客车
str_mu_coach_gen2_steel_mail_coach,钢制邮车
str_mu_coach_gen2_steel_2_axle_compartment_coach,钢制2轴隔间客车
str_mu_coach_gen2_steel_2_axle_regional_coach,钢制2轴地区客车
str_mu_coach_gen2_steel_2_axle_mail_coach,钢制2轴邮车
str_mu_coach_gen2_steel_3_axle_compartment_coach,钢制3轴隔间客车
str_mu_coach_gen2_steel_3_axle_regional_coach,钢制3轴地区客车
str_mu_coach_gen2_steel_3_axle_mail_coach,钢制3轴邮车
str_mu_coach_gen3_steel_lightweight_intercity_coach,钢制轻型城际客车
str_mu_coach_gen3_steel_lightweight_regional_coach,钢制轻型地区客车
str_mu_coach_gen3_steel_lightweight_mail_coach,钢制轻型邮车
str_mu_coach_gen3_aluminium_lightweight_intercity_coach,铝制轻型城际客车
str_mu_coach_gen3_aluminium_lightweight_regional_coach,铝制轻型地区客车
str_mu_coach_gen3_aluminium_lightweight_mail_coach,铝制轻型邮车
str_mu_coach_gen3_gallery_car,双层廊座客车
str_mu_coach_gen3_mk1_intercity_coach,Mk1城际客车
str_mu_coach_gen3_mk1_regional_coach,Mk1地区客车
str_mu_coach_gen3_mk1_mail_coach,Mk1邮车
str_mu_coach_gen3_uic_x_intercity_coach,UIC-X城际客车
str_mu_coach_gen3_tee_intercity_coach,全欧快车
str_mu_coach_gen3_uic_x_regional_coach,UIC-X地区客车
str_mu_coach_gen3_umbauwagen_local_coach,'Umbauwagen'本地客车
str_mu_coach_gen3_doppelstockwagen_local_coach,'Doppelstockwagen'本地客车
str_mu_coach_gen3_uic_x_mail_coach,UIC-X邮车
str_mu_coach_gen3_indian_intercity_coach,印度城际客车
str_mu_coach_gen3_indian_local_coach,印度本地客车
str_mu_coach_gen3_indian_regional_coach,印度地区客车
str_mu_coach_gen3_indian_mail_coach,印度邮车
str_mu_coach_gen4_eurofima_intercity_coach,欧铁
str_mu_coach_gen4_interregio_coach,区间
str_mu_coach_gen4_silberling_commuter_coach,'西柏林'通勤客车
str_mu_coach_gen4_eurofima_mail_coach,欧铁
str_mu_coach_gen4_double_decker_coach,双层客车
str_mu_coach_gen4_russian_intercity_coach,俄罗斯城际客车
str_mu_coach_gen4_russian_regional_coach,俄罗斯地区客车
str_mu_coach_gen4_russian_mail_coach,俄罗斯邮车
str_mu_coach_gen4_superliner_coach,超级班轮客车
str_mu_coach_gen4_superliner_california,超级班轮-加利福尼亚
str_mu_coach_gen4_amfleet_regional_coach,Amfleet型地区客车
str_mu_coach_gen4_amfleet_intercity_coach,Amfleet型城际客车
str_mu_coach_gen4_comet_commuter_coach,'彗星'通勤客车
str_mu_coach_gen4_horizon_regional_coach,'地平线'地区客车
str_mu_coach_gen4_horizon_baggage_coach,'地平线'行李车厢
str_mu_coach_gen4_bombardier_bi_level,庞巴迪双层
str_mu_coach_gen5_high_speed_coach,高速客车
str_mu_coach_gen5_modern_regional_coach,现代地区客车
str_mu_coach_gen5_modern_commuter_coach,现代通勤客车
str_mu_coach_gen5_modern_double_decker_coach,现代双层客车
str_mu_coach_gen5_high_speed_double_decker_ic2000,高速双层客车
str_mu_coach_gen5_high_speed_mail_coach,高速邮车
str_mu_coach_gen5_talgo_pendular,塔尔高摆式客车
str_mu_coach_gen5_talgo_pendular_mail,塔尔高摆式邮车
str_mu_coach_gen6_grand_voyager_coach,大航海家客车
str_mu_coach_gen6_grand_regio_coach,大型区域客车
str_mu_coach_gen6_metropolis_coach,大都会城市铁路巴士
str_mu_coach_gen6_speedmail_coach,快邮邮车
str_mu_coach_gen6_super_regio_coach,超级区域客车
str_mu_coach_gen6_super_voyager_coach,超级航海家客车
str_mu_coach_gen5_citynightline_sleeper,
str_mu_coach_gen4_trans_euro_night_sleeper,
str_mu_wagon_gen1_livestock_van,
str_mu_wagon_gen2_livestock_van,
str_mu_wagon_gen3_livestock_van,
str_mu_wagon_gen4_livestock_van,
str_mu_wagon_gen5_livestock_van,
str_mu_wagon_gen6_livestock_van,
str_mglv_Wagon_Gen7M_livestock_van,
str_electric_hungary_mav_class_v63,
str_mtro_uk_london_1992_stock,
str_mtro_uk_london_s_stock,
str_mu_wagon_gen7m_livestock_van,
str_mtro_uk_london_1972_stock,
str_mtro_uk_london_1959_stock,
str_mtro_singapore_kawasaki_heavy_industries_c151,
str_mtro_singapore_kawasaki_heavy_industries_c751b,
str_mtro_australia_comeng_light_metro_mk1,
str_emu_australia_comeng_emu,
str_emu_australia_melbourne_hcmt_munnel,
str_diesel_germany_dr_130_dbag_230,
str_diesel_usa_up_7000_ge_ac6000cw,
str_diesel_australia_bhp_6071_ge_ac6000cw,
str_steam_egypt_stephenson_class_192,
str_emu_australia_melbourne_hitachi,
str_emu_australia_melbourne_harris,
str_emu_australia_melbourne_nexas,
str_emu_australia_melbourne_tait,
str_mtro_germany_berlin_bvg_f,
str_mtro_germany_berlin_bvg_h,
str_steam_australia_nsw_n67_0_6_0t_terrier,
str_steam_australia_nsw_c30,
str_steam_australia_nsw_c32,
str_steam_australia_nsw_d50,
str_steam_australia_nsw_z12,
str_steam_australia_nsw_z19,
str_steam_australia_nsw_z26,
str_steam_australia_ja_brown_rod_280,
str_steam_australia_sar_600,
str_steam_australia_smr_10,
str_steam_australia_vr_h,
str_diesel_australia_nsw_41,
str_diesel_australia_nsw_48,
str_diesel_australia_sar_930,
str_diesel_australia_commonwealth_gm,
str_diesel_australia_v_line_a,
str_diesel_australia_nsw_42,
str_diesel_australia_an_d,
str_electric_australia_qr_3500,
str_diesel_australia_nsw_90,
str_diesel_australia_emd_nr_class,
str_diesel_australia_nsw_ptc_73,
str_diesel_australia_v_line_n,
str_diesel_australia_nsw_81,
str_diesel_australia_v_line_g,
str_diesel_australia_nsw_82,
str_diesel_australia_gml_10,
str_diesel_australia_westrail_s,
str_diesel_australia_vr_b,
str_diesel_australia_victoria_x1,
str_diesel_australia_victoria_x2,
str_diesel_australia_victoria_x3,
str_diesel_australia_nsw_80,
str_electric_australia_nsw_85,
str_electric_australia_sra_8650,
str_diesel_australia_ira_dsb_mz_iii,
str_diesel_australia_commonwealth_twin_16_645,
str_diesel_australia_qr_2170,
str_diesel_australia_tgr_z,
str_diesel_australia_qr_2350,
str_diesel_new_zealand_dx_class,
str_electric_australia_nsw_46,
str_diesel_australia_nsw_40,
str_diesel_australia_nsw_49,
str_diesel_new_zealand_da_class,
str_diesel_new_zealand_db_class,
str_diesel_australia_nsw_47,
